"centrale_serial";"lecteur_serial"
"1101-2524001331";"22465200002400002b00002508000903"
"1101-2506000712";"22465200002400002b00002508000699"
"1101-2506000912";"22465200002400002b00002508000691"
"1101-2506000762";"22465200002400002b00002508000447"
"1101-2506000899";"22465200002400002b00002508000681"
"1101-2506000592";"22465200002400002b00002508000690"
"1101-2506000721";"22465200002400002b00002508000715"
"1101-2506000765";"22465200002400002b00002508000994"
"1101-2506000600";"22465200002400002b00002508000713"
"1101-2506000951";"22465200002400002b00002508000997"
"1101-2506000373";"22465200002400002b00002508000676"
"1101-2506000988";"22465200002400002b00002508000909"
"1101-2506000894";"22465200002400002b00002508000513"
"1101-2506000865";"22465200002400002b00002508000510"
"1101-2506000130";"22465200002400002b00002508000560"
"1101-2506000151";"22465200002400002b00002508000585"
"1101-2506000445";"22465200002400002b00002508000546"
"1101-2506000213";"22465200002400002b00002508000436"
"1101-2551000625";"22465200002400002b00002508000556"
"1101-2506000047";"22465200002400002b00002508000854"
"1101-2506000030";"22465200002400002b00002508000987"
"1101-2506000193";"22465200002400002b00002508000479"
"1101-2506000441";"22465200002400002b00002508000861"
"1101-2506000577";"22465200002400002b00002508000813"
"1101-2625000916";"22465200002400002b00002508000823"
"1101-2543000446";"22465200002400002b00002508000840"
"1101-2506000900";"22465200002400002b00002508000892"
"1101-2506000163";"22465200002400002b00002508000890"
"1101-2506000211";"22465200002400002b00002508000827"
"1101-2506000710";"22465200002400002b00002508000841"
"1001-2526000061";"22465200002400002b00002508000857"
"1101-2506000483";"22465200002400002b00002508000877"
"1101-2506000621";"22465200002400002b00002508000491"
"1101-2524001358";"22465200002400002b00002508000501"
"1101-2506000070";"22465200002400002b00002508000497"
"1101-2506000463";"22465200002400002b00002508000645"
"1101-2506000239";"22465200002400002b00002508000552"
"1101-2611000228";"22465200002400002b00002508000634"
"1101-2506000197";"22465200002400002b00002508000555"
"1101-2506000119";"22465200002400002b00002508000603"
"1101-2506000883";"22465200002400002b00002508000633"
"1101-2506000658";"22465200002400002b00002508000662"
"1101-2506000010";"22465200002400002b00002508000325"
"1101-2506000552";"22465200002400002b00002508000332"
"1101-2506000266";"22465200002400002b00002508000329"
"1101-2506000467";"22465200002400002b00002508000463"
"1101-2506000034";"22465200002400002b00002508000833"
"1101-2506000111";"22465200002400002b00002508000991"
"1101-2506000297";"22465200002400002b00002508000789"
"1101-2506000365";"22465200002400002b00002508000799"
"1101-2506000542";"22465200002400002b00002508000788"
"1101-2506000164";"22465200002400002b00002508000971"
"1101-2625000780";"22465200002400002b00002508000990"
"1101-2506000036";"22465200002400002b00002508000790"
"1101-2506000293";"22465200002400002b00002508000803"
"1001-2538000267";"22465200002400002b00002508000969"
"1101-2506000015";"22465200002400002b00002508000805"
"1101-2506000332";"22465200002400002b00002508000807"
"1101-2506001009";"22465200002400002b00002508000468"
"1101-2506000611";"22465200002400002b00002508000467"
"1101-2506000325";"22465200002400002b00002508000978"
"1101-2506000962";"22465200002400002b00002508000462"
"1101-2506000116";"22465200002400002b00002508000794"
"1101-2506001003";"22465200002400002b00002508000982"
"1101-2625000235";"22465200002400002b00002508000107"
"1101-2506000368";"22465200002400002b00002508000646"
"1101-2506000097";"22465200002400002b00002508000596"
"1101-2506000043";"22465200002400002b00002508000618"
"1101-2506000599";"22465200002400002b00002508000631"
"1101-2506000025";"22465200002400002b00002508000621"
"1101-2506000021";"22465200002400002b00002508000597"
"1101-2506000795";"22465200002400002b00002508000619"
"1101-2506000370";"22465200002400002b00002508000598"
"1101-2506000041";"22465200002400002b00002508000608"
"1101-2506000685";"22465200002400002b00002508000647"
"1101-2506000228";"22465200002400002b00002508000607"
"1101-2506000705";"22465200002400002b00002508000623"
"1101-2506000083";"22465200002400002b00002508000341"
"1101-2506000403";"22465200002400002b00002508000349"
"1101-2506000491";"22465200002400002b00002508000588"
"1101-2506000204";"22465200002400002b00002508000269"
"1101-2549000689";"22465200002400002b00002508000218"
"1101-2506000655";"22465200002400002b00002508000257"
"1101-2506000220";"22465200002400002b00002508000280"
"1101-2506000154";"22465200002400002b00002508000251"
"1101-2532001503";"22465200002400002b00002508000230"
"1101-2506000820";"22465200002400002b00002508000241"
"1101-2506000699";"22465200002400002b00002508000244"
"1101-2506000147";"22465200002400002b00002508000236"
"1101-2506000229";"22465200002400002b00002508000264"
"1101-2506000393";"22465200002400002b00002508000219"
"1101-2506000374";"22465200002400002b00002508000229"
"1101-2506000654";"22465200002400002b00002508000287"
"1101-2506000826";"22465200002400002b00002508000225"
"1101-2506000390";"22465200002400002b00002508000312"
"1101-2506000185";"22465200002400002b00002508000288"
"1101-2506000652";"22465200002400002b00002508000252"
"1101-2506000492";"22465200002400002b00002508000161"
"1101-2506000811";"22465200002400002b00002508000363"
"1101-2506000701";"22465200002400002b00002508000394"
"1101-2506000702";"22465200002400002b00002508000374"
"1101-2506000648";"22465200002400002b00002508000366"
"1101-2506000137";"22465200002400002b00002508000291"
"1101-2506000927";"22465200002400002b00002508000395"
"1101-2506000289";"22465200002400002b00002508000376"
"1101-2506000938";"22465200002400002b00002508000299"
"1101-2506000268";"22465200002400002b00002508000300"
"1101-2506000677";"22465200002400002b00002508000128"
"1101-2506000527";"22465200002400002b00002508000157"
"1101-2524001393";"22465200002400002b00002508000197"
"1101-2506000823";"22465200002400002b00002508000189"
"1101-2506000910";"22465200002400002b00002508000114"
"1101-2506000168";"22465200002400002b00002508000198"
"1101-2506000628";"22465200002400002b00002508000143"
"1101-2537002151";"22465200002400002b00002508000131"
"1101-2625001024";"22465200002400002b00002508000190"
"1101-2506000100";"22465200002400002b00002508000146"
"1101-2506000488";"22465200002400002b00002508000127"
"1101-2506000581";"22465200002400002b00002508000372"
"1101-2506000183";"22465200002400002b00002508000124"
"1101-2506000636";"22465200002400002b00002508000185"
"1101-2506000499";"22465200002400002b00002508000139"
"1101-2506000410";"22465200002400002b00002508000166"
"1101-2506000997";"22465200002400002b00002508000165"
"1101-2506000531";"22465200002400002b00002508000137"
"1101-2506000978";"22465200002400002b00002508000112"
"1101-2506000717";"22465200002400002b00002508000313"
"1101-2506000964";"22465200002400002b00002508000215"
"1101-2506000610";"22465200002400002b00002508000210"
"1101-2506000290";"22465200002400002b00002508000209"
"1101-2506000543";"22465200002400002b00002508000207"
"1101-2506000753";"22465200002400002b00002508000211"
"1101-2506000905";"22465200002400002b00002508000273"
"1101-2506000464";"22465200002400002b00002508000271"
"1101-2506000063";"22465200002400002b00002508000416"
"1101-2506000730";"22465200002400002b00002508000279"
"1101-2506000231";"22465200002400002b00002508000276"
"1101-2506000143";"22465200002400002b00002508000278"
"1101-2506000440";"22465200002400002b00002508000275"
"1101-2506000495";"22465200002400002b00002508000420"
"1101-2506000981";"22465200002400002b00002508000322"
"1101-2506000920";"22465200002400002b00002508000418"
"1101-2506000481";"22465200002400002b00002508000410"
"1101-2506000965";"22465200002400002b00002508000323"
"1101-2506000461";"22465200002400002b00002508000414"
"1101-2506000433";"22465200002400002b00002508000324"
"1101-2506000340";"22465200002400002b00002508000408"
"1101-2506000357";"22465200002400002b00002508000428"
"1101-2506000629";"22465200002400002b00002508000409"
"1101-2506000637";"22465200002400002b00002508000747"
"1101-2524001192";"22465200002400002b00002508000694"
"1101-2506000882";"22465200002400002b00002508000697"
"1101-2506000476";"22465200002400002b00002508000770"
"1101-2506000271";"22465200002400002b00002508000753"
"1101-2506000686";"22465200002400002b00002508000696"
"1101-2506000124";"22465200002400002b00002508000746"
"1101-2506000880";"22465200002400002b00002508000777"
"1101-2506000832";"22465200002400002b00002508000757"
"1101-2506000321";"22465200002400002b00002508000769"
"1101-2506000158";"22465200002400002b00002508000741"
"1101-2506000983";"22465200002400002b00002508000773"
"1101-2506000877";"22465200002400002b00002508000759"
"1101-2506000331";"22465200002400002b00002508000762"
"1101-2548000381";"22465200002400002b00002508000768"
"1101-2625000728";"22465200002400002b00002508000754"
"1101-2506000800";"22465200002400002b00002508000750"
"1101-2524001372";"22465200002400002b00002508000708"
"1101-2524000472";"22465200002400002b00002508000763"
"1101-2524001281";"22465200002400002b00002508000780"
"1101-2506000299";"22465200002400002b00002508000743"
"1101-2506000613";"22465200002400002b00002508000735"
"1101-2506000287";"22465200002400002b00002508000739"
"1101-2523000145";"22465200002400002b00002508000733"
"1101-2506000366";"22465200002400002b00002508000749"
"1101-2506000506";"22465200002400002b00002508000707"
"1101-2506000221";"22465200002400002b00002508000745"
"1101-2625000909";"22465200002400002b00002508000737"
"1101-2506000276";"22465200002400002b00002508000764"
"1101-2524001234";"22465200002400002b00002508000953"
"1101-2524001528";"22465200002400002b00002508000924"
"1101-2506000080";"22465200002400002b00002508000926"
"1101-2506000972";"22465200002400002b00002508000928"
"1101-2524000404";"22465200002400002b00002508000922"
"1101-2506000337";"22465200002400002b00002508000932"
"1101-2506000311";"22465200002400002b00002508000925"
"1101-2506000416";"22465200002400002b00002508000936"
"1101-2506000940";"22465200002400002b00002508000916"
"1101-2506000772";"22465200002400002b00002508000919"
"1101-2625000930";"22465200002400002b00002508000929"
"1101-2506000936";"22465200002400002b00002508000913"
"1101-2506000430";"22465200002400002b00002508000917"
"1101-2522000802";"22465200002400002b00002508000933"
"1101-2506000451";"22465200002400002b00002508000918"
"1101-2506000126";"22465200002400002b00002508000944"
"1101-2506000075";"22465200002400002b00002508000907"
"1101-2524000888";"22465200002400002b00002508000942"
"1101-2537002054";"22465200002400002b00002508000945"
"1101-2506000078";"22465200002400002b00002508000893"
"1101-2524001199";"22465200002400002b00002508000912"
"1101-2506000084";"22465200002400002b00002508000911"
"1101-2506000519";"22465200002400002b00002508000914"
"1101-2506000090";"22465200002400002b00002508000451"
"1101-2506000847";"22465200002400002b00002508000957"
"1101-2625000466";"22465200002400002b00002508000455"
"1101-2522000912";"22465200002400002b00002508000940"
"1101-2506000028";"22465200002400002b00002508000961"
"1101-2506000322";"22465200002400002b00002508000956"
"1101-2506001005";"22465200002400002b00002508000083"
"1101-2506000919";"22465200002400002b00002508000064"
"1101-2506000318";"22465200002400002b00002508000101"
"1101-2506000643";"22465200002400002b00002508000895"
"1101-2625000211";"22465200002400002b00002508000084"
"1101-2506000254";"22465200002400002b00002508000962"
"1101-2506000696";"22465200002400002b00002508000095"
"1101-2522000820";"22465200002400002b00002508000452"
"1101-2506000893";"22465200002400002b00002508000076"
"1101-2522000858";"22465200002400002b00002508000094"
"1101-2506000502";"22465200002400002b00002508000100"
"1001-2514000046";"22465200002400002b00002508000959"
"1101-2625000467";"22465200002400002b00002508000102"
"1101-2506000334";"22465200002400002b00002508000078"
"1101-2506000634";"22465200002400002b00002508000087"
"1101-2506000509";"22465200002400002b00002508000072"
"1101-2506000778";"22465200002400002b00002508000075"
"1101-2506000998";"22465200002400002b00002508000086"
"1101-2506000482";"22465200002400002b00002508000082"
"1101-2506000678";"22465200002400002b00002508000088"
"1101-2506000930";"22465200002400002b00002508000067"
"1101-2506000633";"22465200002400002b00002508000099"
"1101-2506000497";"22465200002400002b00002508000073"
"1101-2506000540";"22465200002400002b00002508000040"
"1101-2506000620";"22465200002400002b00002508000017"
"1101-2625000498";"22465200002400002b00002508000045"
"1101-2625001036";"22465200002400002b00002508000024"
"1101-2506000890";"22465200002400002b00002508000008"
"1101-2506000131";"22465200002400002b00002508000020"
"1101-2506000503";"22465200002400002b00002508000023"
"1101-2506000906";"22465200002400002b00002508000010"
"1101-2506000608";"22465200002400002b00002508000044"
"1101-2524000464";"22465200002400002b00002508000039"
"1101-2506000995";"22465200002400002b00002508000032"
"1101-2506000617";"22465200002400002b00002508000054"
"1101-2506000515";"22465200002400002b00002508000049"
"1101-2506001007";"22465200002400002b00002508000092"
"1101-2613100161";"22465200002400002b00002508000001"
"1101-2506000504";"22465200002400002b00002508000025"
"1101-2625000456";"22465200002400002b00002508000029"
"1101-2506000887";"22465200002400002b00002508000034"
"1101-2506000085";"22465200002400002b00002508000011"
"1101-2506000761";"22465200002400002b00002508000030"
"1101-2506000780";"22465200002400002b00002508000013"
"1101-2506001010";"22465200002400002b00002508000036"
"1101-2524001598";"22465200002400002b00002508000019"
"1101-2506000757";"22465200002400002b00002508000042"
"1101-2506000341";"22465200002400002b00002508000021"
"1101-2625000480";"22465200002400002b00002508000090"
"1101-2506000316";"22465200002400002b00002508000035"
"1101-2506000294";"22465200002400002b00002508000381"
"1101-2506000528";"22465200002400002b00002508000439"
"1101-2506000541";"22465200002400002b00002508000648"
"1101-2506000958";"22465200002400002b00002508000038"
"1101-2506000385";"22465200002400002b00002508000473"
"1101-2506000389";"22465200002400002b00002508000260"
"1101-2506000635";"22465200002400002b00002508000712"
"1101-2506000674";"22465200002400002b00002508000340"
"1101-2506000904";"22465200002400002b00002508000085"
"1101-2506000329";"22465200002400002b00002508000098"
"1101-2506000715";"22465200002400002b00002508000178"
"1101-2506000825";"22465200002400002b00002508000589"
"1101-2506000892";"22465200002400002b00002508000148"
"1101-2506000103";"22465200002400002b00002508000176"
"1101-2506000336";"22465200002400002b00002508000174"
"1101-2506000420";"22465200002400002b00002508000362"
"1101-2532001223";"22465200002400002b00002508000431"
"1101-2506000215";"22465200002400002b00002508000756"
"1101-2506000367";"22465200002400002b00002508000306"
"1101-2506000186";"22465200002400002b00002508000259"
"1101-2506000781";"22465200002400002b00002508000304"
"1101-2506000267";"22465200002400002b00002508000601"
"1101-2532001579";"22465200002400002b00002508000298"
"1101-2506000304";"22465200002400002b00002508000033"
"1101-2506000626";"22465200002400002b00002508000248"
"1101-2522000836";"22465200002400002b00002524000059"
"1101-2522000829";"22465200002400002b00002524000053"
"1101-2522000864";"22465200002400002b00002524000063"
"1101-2506000609";"22465200002400002b00002524000058"
"1101-2522000983";"22465200002400002b00002524000080"
"1101-2524001141";"22465200002400002b00002524000933"
"1101-2524001401";"22465200002400002b00002524000929"
"1101-2625001181";"22465200002400002b00002524000890"
"1101-2522000813";"22465200002400002b00002524000883"
"1101-2506001008";"22465200002400002b00002524000893"
"1101-2524001104";"22465200002400002b00002524000945"
"1101-2506000428";"22465200002400002b00002524000910"
"1101-2506000816";"22465200002400002b00002524000899"
"1101-2506000333";"22465200002400002b00002524000943"
"1101-2506000922";"22465200002400002b00002524000903"
"1101-2532001046";"22465200002400002b00002524000912"
"1101-2506000011";"22465200002400002b00002524000079"
"1101-2524000418";"22465200002400002b00002524000919"
"1101-2524000353";"22465200002400002b00002524000957"
"1101-2522000951";"22465200002400002b00002524000885"
"1101-2522000724";"22465200002400002b00002524000900"
"1101-2522000803";"22465200002400002b00002524000049"
"1101-2522000954";"22465200002400002b00002524000987"
"1101-2506001002";"22465200002400002b00002524000932"
"1101-2522000723";"22465200002400002b00002524000055"
"1101-2523000149";"22465200002400002b00002524000078"
"1101-2506000208";"22465200002400002b00002524000034"
"1101-2506000092";"22465200002400002b00002524000060"
"1101-2537001829";"22465200002400002b00002524000009"
"1101-2506000134";"22465200002400002b00002524000032"
"1101-2506000429";"22465200002400002b00002524000112"
"1101-2506000235";"22465200002400002b00002524000085"
"1101-2506000578";"22465200002400002b00002524000038"
"1101-2506000258";"22465200002400002b00002524000102"
"1101-2506000848";"22465200002400002b00002524000099"
"1101-2506000149";"22465200002400002b00002524000014"
"1101-2506000529";"22465200002400002b00002524000019"
"1101-2506000069";"22465200002400002b00002524000027"
"1101-2506000096";"22465200002400002b00002524000088"
"1101-2506000189";"22465200002400002b00002524000095"
"1101-2506000486";"22465200002400002b00002524000052"
"1101-2506000647";"22465200002400002b00002524000077"
"1101-2506000216";"22465200002400002b00002524000018"
"1101-2506000571";"22465200002400002b00002524000005"
"1101-2506000465";"22465200002400002b00002524000028"
"1101-2506000330";"22465200002400002b00002524000103"
"1101-2506000622";"22465200002400002b00002524000010"
"1101-2506000806";"22465200002400002b00002524000097"
"1101-2522000808";"22465200002400002b00002524000048"
"1101-2522000865";"22465200002400002b00002524000072"
"1101-2506000508";"22465200002400002b00002524000003"
"1101-2506000380";"22465200002400002b00002524000035"
"1101-2522000975";"22465200002400002b00002524000022"
"1101-2524000354";"22465200002400002b00002524000025"
"1101-2524000372";"22465200002400002b00002524000090"
"1101-2524000328";"22465200002400002b00002524000113"
"1101-2524000361";"22465200002400002b00002524000108"
"1101-2524000359";"22465200002400002b00002524000062"
"1101-2524000443";"22465200002400002b00002524000023"
"1101-2524000383";"22465200002400002b00002524000073"
"1101-2524000377";"22465200002400002b00002524000070"
"1101-2506000345";"22465200002400002b00002524000012"
"1101-2524000466";"22465200002400002b00002524000042"
"1101-2524000392";"22465200002400002b00002524000040"
"1101-2524000448";"22465200002400002b00002524000007"
"1101-2524000447";"22465200002400002b00002524000068"
"1101-2524000364";"22465200002400002b00002524000083"
"1101-2524000444";"22465200002400002b00002524000882"
"1101-2524000452";"22465200002400002b00002524000043"
"1101-2524000428";"22465200002400002b00002524000054"
"1101-2524000369";"22465200002400002b00002524001029"
"1101-2524000387";"22465200002400002b00002524001034"
"1101-2524000396";"22465200002400002b00002524000013"
"1101-2524000363";"22465200002400002b00002524001039"
"1101-2524000431";"22465200002400002b00002524001054"
"1101-2524000332";"22465200002400002b00002524001042"
"1101-2524000423";"22465200002400002b00002524001043"
"1101-2506000961";"22465200002400002b00002524001032"
"1101-2524000374";"22465200002400002b00002524001033"
"1101-2524000331";"22465200002400002b00002524001049"
"1101-2524000304";"22465200002400002b00002524000024"
"1101-2506000693";"22465200002400002b00002524001035"
"1101-2524000451";"22465200002400002b00002524001030"
"1101-2524000349";"22465200002400002b00002524000093"
"1101-2506000671";"22465200002400002b00002524001024"
"1101-2522000968";"22465200002400002b00002524001023"
"1101-2524000481";"22465200002400002b00002524001057"
"1101-2522000957";"22465200002400002b00002524001060"
"1101-2522000886";"22465200002400002b00002524001047"
"1101-2522000764";"22465200002400002b00002524001014"
"1101-2522000960";"22465200002400002b00002524001053"
"1101-2506000530";"22465200002400002b00002524001055"
"1101-2523000154";"22465200002400002b00002524001009"
"1101-2522000863";"22465200002400002b00002524001028"
"1101-2522000722";"22465200002400002b00002524001040"
"1101-2524000416";"22465200002400002b00002524001050"
"1101-2524000362";"22465200002400002b00002524001059"
"1101-2524001256";"22465200002400002b00002524001037"
"1101-2524001309";"22465200002400002b00002524000894"
"1101-2522000963";"22465200002400002b00002524000965"
"1101-2537001910";"22465200002400002b00002524000904"
"1101-2524001527";"22465200002400002b00002524000959"
"1101-2524001412";"22465200002400002b00002524000950"
"1101-2522000994";"22465200002400002b00002524000935"
"1101-2524001303";"22465200002400002b00002524000917"
"1101-2524001244";"22465200002400002b00002524000930"
"1101-2524001307";"22465200002400002b00002524000954"
"1101-2524001301";"22465200002400002b00002524000964"
"1101-2524001306";"22465200002400002b00002524000938"
"1101-2524001514";"22465200002400002b00002524000960"
"1101-2524001407";"22465200002400002b00002524000952"
"1101-2524001312";"22465200002400002b00002524000939"
"1101-2524001488";"22465200002400002b00002524000922"
"1101-2522000834";"22465200002400002b00002524000905"
"1101-2625000159";"22465200002400002b00002524000948"
"1101-2523000156";"22465200002400002b00002524000958"
"1101-2522000861";"22465200002400002b00002524000955"
"1101-2522000839";"22465200002400002b00002524000975"
"1101-2522000763";"22465200002400002b00002524001018"
"1101-2522000761";"22465200002400002b00002524000977"
"1101-2524000321";"22465200002400002b00002524000980"
"1101-2522000878";"22465200002400002b00002524000985"
"1101-2522000860";"22465200002400002b00002524000967"
"1101-2506000175";"22465200002400002b00002524001017"
"1101-2524000449";"22465200002400002b00002524000992"
"1101-2524000239";"22465200002400002b00002524001052"
"1101-2524000341";"22465200002400002b00002524001019"
"1101-2506000687";"22465200002400002b00002524000979"
"1101-2524000252";"22465200002400002b00002524000997"
"1101-2524000344";"22465200002400002b00002524001020"
"1101-2524000417";"22465200002400002b00002524000998"
"1101-2524000232";"22465200002400002b00002524000973"
"1101-2625001006";"22465200002400002b00002524000974"
"1101-2522000862";"22465200002400002b00002524000994"
"1101-2522000931";"22465200002400002b00002524001002"
"1101-2522000807";"22465200002400002b00002524001004"
"1101-2522000928";"22465200002400002b00002524000999"
"1001-2526000214";"22465200002400002b00002524000969"
"1101-2524000336";"22465200002400002b00002524000895"
"1101-2522000866";"22465200002400002b00002524000907"
"1101-2524001297";"22465200002400002b00002524000940"
"1101-2524000389";"22465200002400002b00002524000962"
"1101-2522000840";"22465200002400002b00002524000129"
"1101-2522000833";"22465200002400002b00002524000109"
"1101-2522000762";"22465200002400002b00002524000115"
"1101-2522000882";"22465200002400002b00002524000134"
"1101-2506000807";"22465200002400002b00002524000117"
"1101-2506000474";"22465200002400002b00002524000133"
"1101-2522000765";"22465200002400002b00002524000135"
"1101-2524000388";"22465200002400002b00002524000127"
"1101-2524000438";"22465200002400002b00002524000130"
"1101-2522000917";"22465200002400002b00002524000168"
"1101-2522000880";"22465200002400002b00002524000138"
"1101-2522000760";"22465200002400002b00002524000149"
"1101-2524000296";"22465200002400002b00002524000157"
"1101-2522000879";"22465200002400002b00002524000148"
"1101-2524000437";"22465200002400002b00002524000159"
"1101-2524000342";"22465200002400002b00002524000124"
"1101-2524000322";"22465200002400002b00002524000147"
"1101-2524000426";"22465200002400002b00002524000155"
"1101-2524000436";"22465200002400002b00002524000174"
"1101-2524000326";"22465200002400002b00002524000164"
"1101-2524000393";"22465200002400002b00002524000169"
"1101-2524000432";"22465200002400002b00002524000163"
"1101-2524000256";"22465200002400002b00002524000158"
"1101-2524000233";"22465200002400002b00002524000182"
"1101-2524000291";"22465200002400002b00002524000122"
"1101-2524000268";"22465200002400002b00002524000123"
"1101-2524000271";"22465200002400002b00002524000178"
"1101-2506000058";"22465200002400002b00002524000190"
"1101-2506000352";"22465200002400002b00002524000180"
"1101-2524001328";"22465200002400002b00002524000310"
"1101-2524000238";"22465200002400002b00002524000292"
"1101-2524000227";"22465200002400002b00002524000317"
"1101-2524001383";"22465200002400002b00002524000309"
"1101-2524001208";"22465200002400002b00002524000289"
"1101-2506000055";"22465200002400002b00002524000274"
"1101-2524001136";"22465200002400002b00002524000272"
"1101-2524001339";"22465200002400002b00002524000293"
"1101-2524001342";"22465200002400002b00002524000290"
"1101-2506000804";"22465200002400002b00002524000302"
"1101-2506000335";"22465200002400002b00002524000304"
"1101-2524001326";"22465200002400002b00002524000287"
"1101-2506000351";"22465200002400002b00002524000298"
"1101-2524001186";"22465200002400002b00002524000315"
"1101-2524001381";"22465200002400002b00002524000273"
"1101-2524001334";"22465200002400002b00002524000323"
"1101-2524001336";"22465200002400002b00002524000222"
"1101-2524001202";"22465200002400002b00002524000294"
"1101-2625000404";"22465200002400002b00002524000284"
"1101-2524001249";"22465200002400002b00002524000248"
"1101-2524001332";"22465200002400002b00002524000283"
"1101-2524001343";"22465200002400002b00002524000263"
"1101-2524001418";"22465200002400002b00002524000183"
"1101-2524001423";"22465200002400002b00002524000299"
"1101-2524001567";"22465200002400002b00002524000218"
"1101-2524001142";"22465200002400002b00002524000262"
"1101-2506000383";"22465200002400002b00002524000275"
"1101-2506000207";"22465200002400002b00002524000318"
"1101-2506000963";"22465200002400002b00002524000244"
"1101-2524001378";"22465200002400002b00002524000227"
"1101-2524001214";"22465200002400002b00002524000268"
"1101-2524001508";"22465200002400002b00002524000238"
"1101-2625000247";"22465200002400002b00002524000277"
"1101-2524001086";"22465200002400002b00002524000235"
"1101-2506000362";"22465200002400002b00002524000153"
"1101-2506000343";"22465200002400002b00002524000259"
"1101-2524001221";"22465200002400002b00002524000247"
"1101-2524001251";"22465200002400002b00002524000209"
"1101-2506000929";"22465200002400002b00002524000237"
"1101-2524001044";"22465200002400002b00002524000204"
"1101-2625000364";"22465200002400002b00002524000120"
"1101-2524001094";"22465200002400002b00002524000257"
"1101-2506000493";"22465200002400002b00002524000242"
"1101-2524001338";"22465200002400002b00002524000213"
"1101-2524001583";"22465200002400002b00002524000192"
"1101-2524001047";"22465200002400002b00002524000187"
"1101-2524001207";"22465200002400002b00002524000203"
"1101-2524001273";"22465200002400002b00002524000202"
"1101-2506000903";"22465200002400002b00002524000185"
"1101-2506000387";"22465200002400002b00002524000255"
"1101-2524001391";"22465200002400002b00002524000245"
"1101-2625000687";"22465200002400002b00002524000234"
"1101-2524001448";"22465200002400002b00002524000212"
"1101-2625000388";"22465200002400002b00002524000205"
"1101-2625000763";"22465200002400002b00002524000125"
"1101-2524001143";"22465200002400002b00002524000208"
"1101-2524001346";"22465200002400002b00002524000214"
"1101-2524001098";"22465200002400002b00002524000225"
"1101-2524000407";"22465200002400002b00002524000367"
"1101-2524000453";"22465200002400002b00002524000552"
"1101-2524000251";"22465200002400002b00002524000619"
"1101-2524000408";"22465200002400002b00002524000558"
"1101-2524000356";"22465200002400002b00002524000585"
"1101-2524000412";"22465200002400002b00002524000534"
"1101-2524001611";"22465200002400002b00002524000628"
"1101-2524000246";"22465200002400002b00002524000545"
"1101-2524000471";"22465200002400002b00002524000572"
"1101-2524000348";"22465200002400002b00002524000557"
"1101-2524000329";"22465200002400002b00002524000549"
"1101-2524000343";"22465200002400002b00002524000578"
"1101-2524000253";"22465200002400002b00002524000575"
"1101-2524000243";"22465200002400002b00002524000582"
"1101-2524000274";"22465200002400002b00002524000512"
"1101-2524001586";"22465200002400002b00002524000540"
"1101-2524001517";"22465200002400002b00002524000618"
"1101-2524000463";"22465200002400002b00002524000677"
"1101-2524000457";"22465200002400002b00002524000598"
"1101-2524000462";"22465200002400002b00002524000553"
"1101-2524000454";"22465200002400002b00002524000550"
"1101-2524000254";"22465200002400002b00002524000354"
"1101-2524000337";"22465200002400002b00002524000364"
"1101-2524000266";"22465200002400002b00002524000365"
"1101-2524000293";"22465200002400002b00002524000337"
"1101-2524000279";"22465200002400002b00002524000378"
"1101-2524000347";"22465200002400002b00002524000368"
"1101-2524000306";"22465200002400002b00002524000340"
"1101-2524000273";"22465200002400002b00002524000372"
"1101-2524000283";"22465200002400002b00002524000353"
"1101-2524001282";"22465200002400002b00002524000320"
"1101-2524000338";"22465200002400002b00002524000330"
"1101-2524000286";"22465200002400002b00002524000343"
"1101-2524000312";"22465200002400002b00002524000359"
"1101-2524000309";"22465200002400002b00002524000360"
"1101-2524000277";"22465200002400002b00002524000809"
"1101-2524000282";"22465200002400002b00002524000335"
"1101-2524000317";"22465200002400002b00002524000865"
"1101-2524000276";"22465200002400002b00002524000675"
"1101-2524000247";"22465200002400002b00002524000824"
"1101-2524000346";"22465200002400002b00002525000791"
"1101-2524001519";"22465200002400002b00002524000362"
"1101-2524000236";"22465200002400002b00002524000658"
"1101-2506000697";"22465200002400002b00002525000247"
"1101-2524001296";"22465200002400002b00002525000245"
"1101-2524000298";"22465200002400002b00002525000252"
"1101-2524001233";"22465200002400002b00002524000819"
"1101-2506000139";"22465200002400002b00002525000815"
"1101-2524001293";"22465200002400002b00002525000254"
"1101-2524001288";"22465200002400002b00002525000795"
"1101-2524001304";"22465200002400002b00002524000637"
"1101-2524001268";"22465200002400002b00002524000827"
"1101-2524001283";"22465200002400002b00002524000562"
"1101-2524001289";"22465200002400002b00002524000542"
"1101-2524001291";"22465200002400002b00002524000515"
"1101-2524001277";"22465200002400002b00002524000538"
"1101-2524001266";"22465200002400002b00002524000599"
"1101-2524001272";"22465200002400002b00002525000805"
"1101-2524000278";"22465200002400002b00002525000249"
"1101-2524000352";"22465200002400002b00002525000246"
"1101-2524001566";"22465200002400002b00002524000338"
"1101-2524001278";"22465200002400002b00002524000808"
"1101-2524001286";"22465200002400002b00002524000348"
"1101-2524001522";"22465200002400002b00002524000332"
"1101-2524001243";"22465200002400002b00002524000350"
"1101-2524001473";"22465200002400002b00002524000352"
"1101-2524001552";"22465200002400002b00002524000345"
"1101-2524001294";"22465200002400002b00002524000319"
"1101-2524001239";"22465200002400002b00002524000605"
"1101-2524001299";"22465200002400002b00002524000830"
"1101-2524001556";"22465200002400002b00002524000560"
"1101-2524001554";"22465200002400002b00002524000564"
"1101-2524001587";"22465200002400002b00002524000520"
"1101-2524000406";"22465200002400002b00002524000625"
"1101-2524000411";"22465200002400002b00002524000528"
"1101-2524001574";"22465200002400002b00002524000525"
"1101-2524001442";"22465200002400002b00002524000584"
"1101-2524001562";"22465200002400002b00002524000519"
"1101-2524001589";"22465200002400002b00002524000802"
"1101-2524001447";"22465200002400002b00002524000843"
"1101-2524001523";"22465200002400002b00002524000682"
"1101-2524001451";"22465200002400002b00002524000668"
"1101-2524001596";"22465200002400002b00002524000814"
"1101-2524000414";"22465200002400002b00002524000624"
"1101-2524001499";"22465200002400002b00002524000670"
"1101-2524001436";"22465200002400002b00002524000798"
"1101-2524001537";"22465200002400002b00002524000842"
"1101-2524001432";"22465200002400002b00002524000860"
"1101-2524001539";"22465200002400002b00002524000788"
"1101-2524000484";"22465200002400002b00002524000647"
"1101-2524001604";"22465200002400002b00002524000678"
"1101-2524000212";"22465200002400002b00002524000583"
"1101-2524000397";"22465200002400002b00002524000660"
"1101-2524000371";"22465200002400002b00002524000664"
"1101-2524001323";"22465200002400002b00002524000804"
"1101-2524001318";"22465200002400002b00002525000251"
"1101-2524001201";"22465200002400002b00002525000241"
"1101-2524000487";"22465200002400002b00002525000244"
"1101-2524001573";"22465200002400002b00002524000793"
"1101-2524001322";"22465200002400002b00002525000236"
"1101-2524001506";"22465200002400002b00002525000229"
"1101-2524001536";"22465200002400002b00002524000703"
"1101-2524001532";"22465200002400002b00002525000228"
"1101-2625000484";"22465200002400002b00002525000222"
"1101-2524001549";"22465200002400002b00002524000727"
"1101-2524001544";"22465200002400002b00002525000235"
"1101-2524001344";"22465200002400002b00002524000724"
"1101-2524001121";"22465200002400002b00002524000858"
"1101-2524001311";"22465200002400002b00002524000869"
"1101-2524001206";"22465200002400002b00002524000868"
"1101-2524001247";"22465200002400002b00002524000733"
"1101-2524001302";"22465200002400002b00002524000755"
"1101-2524001222";"22465200002400002b00002524000820"
"1101-2524000904";"22465200002400002b00002524000739"
"1101-2625000406";"22465200002400002b00002524000864"
"1101-2524001386";"22465200002400002b00002524000740"
"1101-2524001392";"22465200002400002b00002524000872"
"1101-2524001507";"22465200002400002b00002524000750"
"1101-2524000933";"22465200002400002b00002524000735"
"1101-2625001251";"22465200002400002b00002524000877"
"1101-2524000918";"22465200002400002b00002524000838"
"1101-2625000320";"22465200002400002b00002524000879"
"1101-2625001002";"22465200002400002b00002524000722"
"1101-2524001033";"22465200002400002b00002524000754"
"1101-2524001531";"22465200002400002b00002524000768"
"1101-2524001564";"22465200002400002b00002524000813"
"1101-2524001492";"22465200002400002b00002525000234"
"1101-2524001321";"22465200002400002b00002524000764"
"1101-2524001116";"22465200002400002b00002524000734"
"1101-2524001157";"22465200002400002b00002525000224"
"1101-2524001388";"22465200002400002b00002524000777"
"1101-2524000994";"22465200002400002b00002524000334"
"1101-2625001275";"22465200002400002b00002524000765"
"1101-2625000586";"22465200002400002b00002524000325"
"1101-2625000409";"22465200002400002b00002524000769"
"1101-2625000986";"22465200002400002b00002524000342"
"1101-2625000686";"22465200002400002b00002524000369"
"1101-2625000269";"22465200002400002b00002525000239"
"1101-2625000310";"22465200002400002b00002524000867"
"1101-2625000721";"22465200002400002b00002524000373"
"1101-2524000986";"22465200002400002b00002524000380"
"1101-2625000242";"22465200002400002b00002524000785"
"1101-2543000211";"22465200002400002b00002524000743"
"1101-2625000237";"22465200002400002b00002524000665"
"1101-2524001117";"22465200002400002b00002524000643"
"1101-2625000929";"22465200002400002b00002524000815"
"1101-2524001149";"22465200002400002b00002524000635"
"1101-2625001134";"22465200002400002b00002524000800"
"1101-2532000687";"22465200002400002b00002524000654"
"1101-2625000248";"22465200002400002b00002524000833"
"1101-2625000229";"22465200002400002b00002524000797"
"1101-2625000691";"22465200002400002b00002524000697"
"1101-2625000239";"22465200002400002b00002524000662"
"1101-2625001241";"22465200002400002b00002524000757"
"1101-2625001142";"22465200002400002b00002524000663"
"1101-2625001156";"22465200002400002b00002524000878"
"1101-2625000685";"22465200002400002b00002524000807"
"1101-2532001647";"22465200002400002b00002524000749"
"1101-2524001092";"22465200002400002b00002524000642"
"1101-2625000325";"22465200002400002b00002524000650"
"1101-2607000192";"22465200002400002b00002524000737"
"1101-2524000954";"22465200002400002b00002524000873"
"1101-2524001008";"22465200002400002b00002524000710"
"1101-2524001057";"22465200002400002b00002524000713"
"1101-2625001125";"22465200002400002b00002524000854"
"1101-2625000241";"22465200002400002b00002524000699"
"1101-2625000234";"22465200002400002b00002524000832"
"1101-2506000745";"22465200002400002b00002524000694"
"1101-2522000874";"22465200002400002b00002524000720"
"1101-2524001148";"22465200002400002b00002524000794"
"1101-2522000721";"22465200002400002b00002524000773"
"1101-2506000878";"22465200002400002b00002524000714"
"1101-2522000825";"22465200002400002b00002524000862"
"1101-2522000999";"22465200002400002b00002524000852"
"1101-2524001079";"22465200002400002b00002524000648"
"1101-2625000553";"22465200002400002b00002524000834"
"1101-2625000765";"22465200002400002b00002524000849"
"1101-2604906503";"22465200002400002b00002524000707"
"1101-2607000037";"22465200002400002b00002524000712"
"1101-2625000778";"22465200002400002b00002524000770"
"1101-2625000201";"22465200002400002b00002524000859"
"1101-2524001154";"22465200002400002b00002524000850"
"1101-2625000219";"22465200002400002b00002524000780"
"1101-2532000902";"22465200002400002b00002524000719"
"1101-2524001168";"22465200002400002b00002524000659"
"1101-2524001156";"22465200002400002b00002524000748"
"1101-2524001151";"22465200002400002b00002524000758"
"1101-2524001032";"22465200002400002b00002524000692"
"1101-2625000574";"22465200002400002b00002524000693"
"1101-2625001187";"22465200002400002b00002524000640"
"1101-2524001329";"22465200002400002b00002625001138"
"1101-2625000810";"22465200002400002b00002625000909"
"1101-2625001281";"22465200002400002b00002625001502"
"1101-2524000971";"22465200002400002b00002625001150"
"1101-2524001088";"22465200002400002b00002625001508"
"1101-2625001126";"22465200002400002b00002625001942"
"1101-2524001224";"22465200002400002b00002625001309"
"1101-2625001163";"22465200002400002b00002625001453"
"1101-2524001108";"22465200002400002b00002625000977"
"1101-2524001102";"22465200002400002b00002625001858"
"1101-2625000557";"22465200002400002b00002625001847"
"1101-2625001243";"22465200002400002b00002625001454"
"1101-2625000770";"22465200002400002b00002625000965"
"1101-2524001103";"22465200002400002b00002625000984"
"1101-2625000681";"22465200002400002b00002625001142"
"1101-2625000833";"22465200002400002b00002625001889"
"1101-2524001219";"22465200002400002b00002625001329"
"1101-2625000455";"22465200002400002b00002625001888"
"1101-2524001212";"22465200002400002b00002625001452"
"1101-2524001138";"22465200002400002b00002625001546"
"1101-2524001089";"22465200002400002b00002625000913"
"1101-2524001073";"22465200002400002b00002625001273"
"1101-2625000815";"22465200002400002b00002625001608"
"1101-2625000300";"22465200002400002b00002625001550"
"1101-2524001019";"22465200002400002b00002625001725"
"1101-2625001147";"22465200002400002b00002625001271"
"1101-2524000976";"22465200002400002b00002625001545"
"1101-2524000982";"22465200002400002b00002625000886"
"1101-2625001057";"22465200002400002b00002625001270"
"1101-2524001217";"22465200002400002b00002625001881"
"1101-2524001216";"22465200002400002b00002625001748"
"1101-2625000440";"22465200002400002b00002625001544"
"1101-2524001501";"22465200002400002b00002625001541"
"1101-2524001229";"22465200002400002b00002625000896"
"1101-2524001369";"22465200002400002b00002625001511"
"1101-2625000305";"22465200002400002b00002625001420"
"1101-2524001146";"22465200002400002b00002625000894"
"1101-2524001218";"22465200002400002b00002625001140"
"1101-2524001099";"22465200002400002b00002625001146"
"1101-2524001129";"22465200002400002b00002625001272"
"1101-2524001058";"22465200002400002b00002625001615"
"1101-2524001087";"22465200002400002b00002625001276"
"1101-2524001077";"22465200002400002b00002625001460"
"1101-2524001083";"22465200002400002b00002625000970"
"1101-2524001134";"22465200002400002b00002625000990"
"1101-2524001082";"22465200002400002b00002625001937"
"1101-2524000906";"22465200002400002b00002625001308"
"1101-2625000804";"22465200002400002b00002625000996"
"1101-2625001192";"22465200002400002b00002625001938"
"1101-2625000555";"22465200002400002b00002625000983"
"1101-2548000168";"22465200002400002b00002625001853"
"1101-2625000914";"22465200002400002b00002524000430"
"1101-2625000563";"22465200002400002b00002524000483"
"1101-2625000224";"22465200002400002b00002524000417"
"1101-2625001104";"22465200002400002b00002524000468"
"1101-2625000308";"22465200002400002b00002524000490"
"1101-2625000806";"22465200002400002b00002524000435"
"1101-2625000679";"22465200002400002b00002625001315"
"1101-2625001197";"22465200002400002b00002524000433"
"1101-2625001152";"22465200002400002b00002524000449"
"1101-2625000554";"22465200002400002b00002524000458"
"1101-2625001191";"22465200002400002b00002524000425"
"1101-2524001362";"22465200002400002b00002524000527"
"1101-2625000167";"22465200002400002b00002524000388"
"1101-2524001147";"22465200002400002b00002524000447"
"1101-2625000551";"22465200002400002b00002524000444"
"1101-2625000414";"22465200002400002b00002524000687"
"1101-2524001078";"22465200002400002b00002524000497"
"1101-2625000413";"22465200002400002b00002524000454"
"1101-2625001098";"22465200002400002b00002524000457"
"1101-2625000614";"22465200002400002b00002524000400"
"1101-2625000812";"22465200002400002b00002524000395"
"1101-2524001497";"22465200002400002b00002524000418"
"1101-2524000288";"22465200002400002b00002625001042"
"1101-2524001509";"22465200002400002b00002625001878"
"1101-2625000734";"22465200002400002b00002625001876"
"1101-2625001139";"22465200002400002b00002625001194"
"1101-2625000733";"22465200002400002b00002625000985"
"1101-2625001189";"22465200002400002b00002625001950"
"1101-2625000240";"22465200002400002b00002625001873"
"1101-2625000967";"22465200002400002b00002625001669"
"1101-2524001191";"22465200002400002b00002625001144"
"1101-2625001190";"22465200002400002b00002625000961"
"1101-2524001187";"22465200002400002b00002625001098"
"1101-2524001101";"22465200002400002b00002625001879"
"1101-2524001194";"22465200002400002b00002625001862"
"1101-2524001348";"22465200002400002b00002625001082"
"1101-2524000891";"22465200002400002b00002625001185"
"1101-2524000962";"22465200002400002b00002625000986"
"1101-2524000961";"22465200002400002b00002625001404"
"1101-2625000756";"22465200002400002b00002625001409"
"1101-2524000967";"22465200002400002b00002625001558"
"1101-2625000426";"22465200002400002b00002625000864"
"1101-2524000969";"22465200002400002b00002625001517"
"1101-2524000942";"22465200002400002b00002625001481"
"1101-2524000903";"22465200002400002b00002625001129"
"1101-2524000968";"22465200002400002b00002625001102"
"1101-2625001047";"22465200002400002b00002625001119"
"1101-2524000963";"22465200002400002b00002625001518"
"1101-2524000957";"22465200002400002b00002625001122"
"1101-2524000959";"22465200002400002b00002625001115"
"1101-2524000946";"22465200002400002b00002625001952"
"1101-2524000949";"22465200002400002b00002625001109"
"1101-2524000964";"22465200002400002b00002625001120"
"1101-2524000911";"22465200002400002b00002625001121"
"1101-2524000902";"22465200002400002b00002625001477"
"1101-2524000973";"22465200002400002b00002625001117"
"1101-2625000188";"22465200002400002b00002625001600"
"1101-2625000558";"22465200002400002b00002625001592"
"1101-2625001144";"22465200002400002b00002625001131"
"1101-2625000306";"22465200002400002b00002625001126"
"1101-2625001177";"22465200002400002b00002625001104"
"1101-2625001288";"22465200002400002b00002625001389"
"1101-2537002134";"22465200002400002b00002625001401"
"1101-2537001812";"22465200002400002b00002625001840"
"1101-2625001137";"22465200002400002b00002625001118"
"1101-2625001254";"22465200002400002b00002625001374"
"1101-2524000899";"22465200002400002b00002625001162"
"1101-2524001261";"22465200002400002b00002625001822"
"1101-2524000931";"22465200002400002b00002625001368"
"1101-2524000948";"22465200002400002b00002625001823"
"1101-2524000953";"22465200002400002b00002625001148"
"1101-2524000958";"22465200002400002b00002625001818"
"1101-2524000944";"22465200002400002b00002625001686"
"1101-2524000929";"22465200002400002b00002625001155"
"1101-2524000974";"22465200002400002b00002625001530"
"1101-2625000301";"22465200002400002b00002625001835"
"1101-2625000615";"22465200002400002b00002625001844"
"1101-2625001255";"22465200002400002b00002625001548"
"1101-2625000627";"22465200002400002b00002625001527"
"1101-2625001174";"22465200002400002b00002625001525"
"1101-2625000422";"22465200002400002b00002625001411"
"1101-2625000984";"22465200002400002b00002625001041"
"1101-2625001058";"22465200002400002b00002625001910"
"1101-2625000226";"22465200002400002b00002625001479"
"1101-2625000588";"22465200002400002b00002625001112"
"1101-2524000917";"22465200002400002b00002625001829"
"1101-2625001048";"22465200002400002b00002625001125"
"1101-2625001037";"22465200002400002b00002625001165"
"1101-2625000236";"22465200002400002b00002625001593"
"1101-2625000176";"22465200002400002b00002625001925"
"1101-2524001131";"22465200002400002b00002625001936"
"1101-2611000253";"22465200002400002b00002625001030"
"1101-2625000485";"22465200002400002b00002625001367"
"1101-2524000881";"22465200002400002b00002625001033"
"1101-2625001023";"22465200002400002b00002625001169"
"1101-2625001179";"22465200002400002b00002625001590"
"1101-2625000280";"22465200002400002b00002625001147"
"1101-2625000340";"22465200002400002b00002625001549"
"1101-2537002046";"22465200002400002b00002625001932"
"1101-2524001193";"22465200002400002b00002625001825"
"1101-2524001361";"22465200002400002b00002625001158"
"1101-2537001827";"22465200002400002b00002625001931"
"1101-2625000943";"22465200002400002b00002625001934"
"1101-2524001337";"22465200002400002b00002625001397"
"1101-2625000962";"22465200002400002b00002625001040"
"1101-2537002210";"22465200002400002b00002625001583"
"1101-2625000293";"22465200002400002b00002625001845"
"1101-2522000824";"22465200002400002b00002625001833"
"1101-2625001262";"22465200002400002b00002625001018"
"1101-2524001347";"22465200002400002b00002625001841"
"1101-2537002234";"22465200002400002b00002625001839"
"1101-2524001424";"22465200002400002b00002625001123"
"1101-2524001513";"22465200002400002b00002625001378"
"1101-2625000476";"22465200002400002b00002625001491"
"1101-2625001107";"22465200002400002b00002625001124"
"1101-2524001124";"22465200002400002b00002625001073"
"1101-2625000676";"22465200002400002b00002625000880"
"1101-2625000482";"22465200002400002b00002625001396"
"1101-2524001453";"22465200002400002b00002625001067"
"1101-2625000651";"22465200002400002b00002625001678"
"1101-2625000960";"22465200002400002b00002625000867"
"1101-2625001257";"22465200002400002b00002625001063"
"1101-2625000243";"22465200002400002b00002625001080"
"1101-2625000567";"22465200002400002b00002625001026"
"1101-2625001053";"22465200002400002b00002625001074"
"1101-2625000814";"22465200002400002b00002625001681"
"1101-2625000231";"22465200002400002b00002625001395"
"1101-2625000417";"22465200002400002b00002625001831"
"1101-2625000649";"22465200002400002b00002625001393"
"1101-2625000785";"22465200002400002b00002625000865"
"1101-2625001161";"22465200002400002b00002625001668"
"1101-2625000761";"22465200002400002b00002625001943"
"1101-2625000754";"22465200002400002b00002625001375"
"1101-2625001260";"22465200002400002b00002625001782"
"1101-2625000448";"22465200002400002b00002625001885"
"1101-2625000298";"22465200002400002b00002625001703"
"1101-2625000788";"22465200002400002b00002625001708"
"1101-2625001034";"22465200002400002b00002625000978"
"1101-2625001116";"22465200002400002b00002524000620"
"1101-2625001043";"22465200002400002b00002524000567"
"1101-2625000790";"22465200002400002b00002524000390"
"1101-2524000909";"22465200002400002b00002524000403"
"1101-2625001162";"22465200002400002b00002524000577"
"1101-2625000483";"22465200002400002b00002524000394"
"1101-2625000287";"22465200002400002b00002524000409"
"1101-2625001188";"22465200002400002b00002524000422"
"1101-2537002342";"22465200002400002b00002524000413"
"1101-2625001183";"22465200002400002b00002524000453"
"1101-2625000766";"22465200002400002b00002524000432"
"1101-2625001172";"22465200002400002b00002524000405"
"1101-2625000589";"22465200002400002b00002524000397"
"1101-2524000943";"22465200002400002b00002524000402"
"1101-2625000434";"22465200002400002b00002524000420"
"1101-2625000428";"22465200002400002b00002524000398"
"1101-2625001261";"22465200002400002b00002524000623"
"1101-2625001106";"22465200002400002b00002524000428"
"1101-2625000991";"22465200002400002b00002524000452"
"1101-2506000766";"22465200002400002b00002524000377"
"1101-2625000286";"22465200002400002b00002524000565"
"1101-2524001223";"22465200002400002b00002625001312"
"1101-2532000262";"22465200002400002b00002625001855"
"1101-2524001226";"22465200002400002b00002625001515"
"1101-2625001080";"22465200002400002b00002625001084"
"1101-2625000170";"22465200002400002b00002625001780"
"1101-2524000843";"22465200002400002b00002625001856"
"1101-2551000753";"22465200002400002b00002625000988"
"1101-2524001419";"22465200002400002b00002625001860"
"1101-2625001235";"22465200002400002b00002625000953"
"1101-2524001357";"22465200002400002b00002625001503"
"1101-2524001139";"22465200002400002b00002625001874"
"1101-2524001526";"22465200002400002b00002625001179"
"1101-2625000154";"22465200002400002b00002625001658"
"1101-2625000598";"22465200002400002b00002625001514"
"1101-2524001076";"22465200002400002b00002625001192"
"1101-2625000597";"22465200002400002b00002625000995"
"1101-2625000446";"22465200002400002b00002625001086"
"1101-2524001366";"22465200002400002b00002625001848"
"1101-2625000552";"22465200002400002b00002625000959"
"1101-2625000415";"22465200002400002b00002625000901"
"1101-2524001213";"22465200002400002b00002625001177"
"1101-2524000886";"22465200002400002b00002625001507"
"1101-2524001163";"22465200002400002b00002625001702"
"1101-2524001521";"22465200002400002b00002625001851"
"1101-2524001178";"22465200002400002b00002625001186"
"1101-2524000324";"22465200002400002b00002625001774"
"1101-2625000492";"22465200002400002b00002625001190"
"1101-2625000274";"22465200002400002b00002625001189"
"1101-2625001263";"22465200002400002b00002625001777"
"1101-2506000966";"22465200002400002b00002625001442"
"1101-2625000595";"22465200002400002b00002625001709"
"1101-2524001043";"22465200002400002b00002625001449"
"1101-2524000907";"22465200002400002b00002625000914"
"1101-2524000966";"22465200002400002b00002625001784"
"1101-2625001042";"22465200002400002b00002625000923"
"1101-2524000937";"22465200002400002b00002625001444"
"1101-2625000980";"22465200002400002b00002625001510"
"1101-2625000616";"22465200002400002b00002625000902"
"1101-2625000585";"22465200002400002b00002625001441"
"1101-2625000451";"22465200002400002b00002625000968"
"1101-2625000549";"22465200002400002b00002625001586"
"1101-2625001246";"22465200002400002b00002625001085"
"1101-2625000255";"22465200002400002b00002625001303"
"1101-2625000725";"22465200002400002b00002625001667"
"1101-2625000518";"22465200002400002b00002625001698"
"1101-2625000602";"22465200002400002b00002524000424"
"1101-2625000622";"22465200002400002b00002625001321"
"1101-2625000776";"22465200002400002b00002625001174"
"1101-2625001252";"22465200002400002b00002625001301"
"1101-2625000727";"22465200002400002b00002625001399"
"1101-2625000581";"22465200002400002b00002625001366"
"1101-2524000941";"22465200002400002b00002625001557"
"1101-2625000377";"22465200002400002b00002625001416"
"1101-2625000777";"22465200002400002b00002625001300"
"1101-2625000576";"22465200002400002b00002625001306"
"1101-2625000925";"22465200002400002b00002625001574"
"1101-2625000530";"22465200002400002b00002625001304"
"1101-2625001283";"22465200002400002b00002625001365"
"1101-2625001140";"22465200002400002b00002625001637"
"1101-2625000438";"22465200002400002b00002625001687"
"1101-2625001236";"22465200002400002b00002625001489"
"1101-2524001472";"22465200002400002b00002625001259"
"1101-2524000972";"22465200002400002b00002625001255"
"1101-2625000577";"22465200002400002b00002625001803"
"1101-2625000624";"22465200002400002b00002625001694"
"1101-2625000724";"22465200002400002b00002625001265"
"1101-2625001060";"22465200002400002b00002525000696"
"1101-2625000399";"22465200002400002b00002525000722"
"1101-2625000800";"22465200002400002b00002525000715"
"1101-2524000913";"22465200002400002b00002525000731"
"1101-2625000447";"22465200002400002b00002525000716"
"1101-2625000775";"22465200002400002b00002525000705"
"1101-2625001031";"22465200002400002b00002525000730"
"1101-2625000254";"22465200002400002b00002525000725"
"1101-2524000928";"22465200002400002b00002625001953"
"1101-2524000897";"22465200002400002b00002525000720"
"1101-2524001463";"22465200002400002b00002525000729"
"1101-2625000633";"22465200002400002b00002525000724"
"1101-2625001178";"22465200002400002b00002525000719"
"1101-2524000901";"22465200002400002b00002525000727"
"1101-2625001100";"22465200002400002b00002525000723"
"1101-2625000741";"22465200002400002b00002525000747"
"1101-2625000805";"22465200002400002b00002525000708"
"1101-2625000774";"22465200002400002b00002525000788"
"1101-2625000714";"22465200002400002b00002525000749"
"1101-2625000488";"22465200002400002b00002525000737"
"1101-2625000706";"22465200002400002b00002525000738"
"1101-2625001088";"22465200002400002b00002525000741"
"1101-2625000920";"22465200002400002b00002525000761"
"1101-2625000430";"22465200002400002b00002525000735"
"1101-2524000927";"22465200002400002b00002525000740"
"1101-2524001167";"22465200002400002b00002525000733"
"1101-2625000675";"22465200002400002b00002525000742"
"1101-2625000926";"22465200002400002b00002525000743"
"1101-2625001115";"22465200002400002b00002525000744"
"1101-2625001239";"22465200002400002b00002525000745"
"1101-2625001250";"22465200002400002b00002525000748"
"1101-2625001062";"22465200002400002b00002525000750"
"1101-2625000798";"22465200002400002b00002525000746"
"1101-2625000709";"22465200002400002b00002525000813"
"1101-2549000471";"22465200002400002b00002525000812"
"1101-2549000465";"22465200002400002b00002525000798"
"1101-2549000514";"22465200002400002b00002525000807"
"1101-2532001656";"22465200002400002b00002525000809"
"1101-2625000378";"22465200002400002b00002525000751"
"1101-2625000400";"22465200002400002b00002525000789"
"1101-2625001150";"22465200002400002b00002525000712"
"1101-2625001108";"22465200002400002b00002525000711"
"1101-2625001039";"22465200002400002b00002525000713"
"1101-2524001496";"22465200002400002b00002525000703"
"1101-2532001581";"22465200002400002b00002525000693"
"1101-2625001276";"22465200002400002b00002525000692"
"1101-2524001458";"22465200002400002b00002525000695"
"1101-2524001516";"22465200002400002b00002625001249"
"1101-2524001042";"22465200002400002b00002625000974"
"1101-2625000769";"22465200002400002b00002625001697"
"1101-2548000505";"22465200002400002b00002625001727"
"1101-2524001504";"22465200002400002b00002625001266"
"1101-2524001374";"22465200002400002b00002625001695"
"1101-2524001174";"22465200002400002b00002625001254"
"1101-2524001341";"22465200002400002b00002625001813"
"1101-2524001172";"22465200002400002b00002625001260"
"1101-2625000387";"22465200002400002b00002625001756"
"1101-2524000399";"22465200002400002b00002625001325"
"1101-2625000981";"22465200002400002b00002625000887"
"1101-2625000974";"22465200002400002b00002625001741"
"1101-2625000759";"22465200002400002b00002625001434"
"1101-2625000604";"22465200002400002b00002625001488"
"1101-2524001227";"22465200002400002b00002625001412"
"1101-2532000483";"22465200002400002b00002625000964"
"1101-2524000476";"22465200002400002b00002625001543"
"1101-2524001597";"22465200002400002b00002625001597"
"1101-2524001363";"22465200002400002b00002625001263"
"1101-2532000830";"22465200002400002b00002625001330"
"1101-2524000376";"22465200002400002b00002625001264"
"1101-2625000514";"22465200002400002b00002625000883"
"1101-2524000477";"22465200002400002b00002625001532"
"1101-2625000279";"22465200002400002b00002625001297"
"1101-2625001055";"22465200002400002b00002625001359"
"1101-2625001085";"22465200002400002b00002625001299"
"1101-2532001331";"22465200002400002b00002625001552"
"1101-2532000848";"22465200002400002b00002625001538"
"1101-2625001078";"22465200002400002b00002625000885"
"1101-2524001061";"22465200002400002b00002625001625"
"1101-2625000383";"22465200002400002b00002625001733"
"1101-2625001059";"22465200002400002b00002625000884"
"1101-2625001102";"22465200002400002b00002625001599"
"1101-2625001003";"22465200002400002b00002625001630"
"1101-2625000531";"22465200002400002b00002625001737"
"1101-2625000281";"22465200002400002b00002625001604"
"1101-2524001584";"22465200002400002b00002625001603"
"1101-2625000954";"22465200002400002b00002625000891"
"1101-2625000631";"22465200002400002b00002625001718"
"1101-2625000469";"22465200002400002b00002625001911"
"1101-2625001061";"22465200002400002b00002625001577"
"1101-2625000450";"22465200002400002b00002625001565"
"1101-2625000462";"22465200002400002b00002625001320"
"1101-2625000620";"22465200002400002b00002625001357"
"1101-2625000341";"22465200002400002b00002625001553"
"1101-2625001273";"22465200002400002b00002625001570"
"1101-2625001063";"22465200002400002b00002625001575"
"1101-2625001000";"22465200002400002b00002625001373"
"1101-2625000995";"22465200002400002b00002625001360"
"1101-2625000475";"22465200002400002b00002625001317"
"1101-2625001079";"22465200002400002b00002625001579"
"1101-2625001064";"22465200002400002b00002625001358"
"1101-2532000180";"22465200002400002b00002625001405"
"1101-2625000520";"22465200002400002b00002625001363"
"1101-2625000437";"22465200002400002b00002625001414"
"1101-2625000216";"22465200002400002b00002625001310"
"1101-2625000625";"22465200002400002b00002625001352"
"1101-2625001270";"22465200002400002b00002625001715"
"1101-2625001249";"22465200002400002b00002625001428"
"1101-2625000194";"22465200002400002b00002625001795"
"1101-2625000433";"22465200002400002b00002625001788"
"1101-2625001004";"22465200002400002b00002625001793"
"1101-2625001092";"22465200002400002b00002625001419"
"1101-2625001087";"22465200002400002b00002625001753"
"1101-2625000792";"22465200002400002b00002625001895"
"1101-2625001033";"22465200002400002b00002625001900"
"1101-2625000932";"22465200002400002b00002625001901"
"1101-2625001077";"22465200002400002b00002625001745"
"1101-2625001081";"22465200002400002b00002625001731"
"1101-2625001073";"22465200002400002b00002625001750"
"1101-2625001069";"22465200002400002b00002625001904"
"1101-2625001018";"22465200002400002b00002625001215"
"1101-2625001010";"22465200002400002b00002625001724"
"1101-2625001008";"22465200002400002b00002625001789"
"1101-2532001319";"22465200002400002b00002625001430"
"1101-2625001075";"22465200002400002b00002625001743"
"1101-2625000525";"22465200002400002b00002625001660"
"1101-2625001016";"22465200002400002b00002625001431"
"1101-2524001263";"22465200002400002b00002625001892"
"1101-2625000803";"22465200002400002b00002525000755"
"1101-2524001011";"22465200002400002b00002525000764"
"1101-2625000670";"22465200002400002b00002525000787"
"1101-2524001022";"22465200002400002b00002525000784"
"1101-2532000619";"22465200002400002b00002525000758"
"1101-2524001198";"22465200002400002b00002625001779"
"1101-2625000750";"22465200002400002b00002625000893"
"1101-2524001024";"22465200002400002b00002625001622"
"1101-2524001387";"22465200002400002b00002525000752"
"1101-2524001394";"22465200002400002b00002525000756"
"1101-2625000420";"22465200002400002b00002525000767"
"1101-2625000140";"22465200002400002b00002525000773"
"1101-2524001114";"22465200002400002b00002525000774"
"1101-2524001014";"22465200002400002b00002525000778"
"1101-2625000214";"22465200002400002b00002525000775"
"1101-2625000824";"22465200002400002b00002525000768"
"1101-2625001131";"22465200002400002b00002525000757"
"1101-2524000993";"22465200002400002b00002525000763"
"1101-2625001198";"22465200002400002b00002525000759"
"1101-2625001094";"22465200002400002b00002525000776"
"1101-2524001171";"22465200002400002b00002525000762"
"1101-2524001006";"22465200002400002b00002625001897"
"1101-2524000998";"22465200002400002b00002625001200"
"1101-2625000789";"22465200002400002b00002625001650"
"1101-2625001074";"22465200002400002b00002625001498"
"1101-2524001118";"22465200002400002b00002625001651"
"1101-2524001324";"22465200002400002b00002625001791"
"1101-2524001052";"22465200002400002b00002625001653"
"1101-2524001158";"22465200002400002b00002625001735"
"1101-2524000996";"22465200002400002b00002625000981"
"1101-2625001001";"22465200002400002b00002625001893"
"1101-2524001182";"22465200002400002b00002625001275"
"1101-2524001123";"22465200002400002b00002625001423"
"1101-2524001002";"22465200002400002b00002625001620"
"1101-2524001543";"22465200002400002b00002625001534"
"1001-2526000155";"22465200002400002b00002625000952"
"1101-2625000158";"22465200002400002b00002625000987"
"1101-2524000987";"22465200002400002b00002625001826"
"1101-2625000749";"22465200002400002b00002625001323"
"1101-2625000540";"22465200002400002b00002625001830"
"1101-2524001409";"22465200002400002b00002625001171"
"1101-2524000981";"22465200002400002b00002524000443"
"1101-2524000999";"22465200002400002b00002625001536"
"1101-2625000690";"22465200002400002b00002524000482"
"1101-2625001083";"22465200002400002b00002625001327"
"1101-2625000729";"22465200002400002b00002625001601"
"1101-2524001364";"22465200002400002b00002625001714"
"1101-2625001204";"22465200002400002b00002625001103"
"1001-2526000156";"22465200002400002b00002625001596"
"1101-2524000978";"22465200002400002b00002625001176"
"1001-2526000154";"22465200002400002b00002524000684"
"1001-2526000143";"22465200002400002b00002524000555"
"1101-2524001072";"22465200002400002b00002524000437"
"1101-2625000582";"22465200002400002b00002524000439"
"1101-2524001054";"22465200002400002b00002524000588"
"1101-2524001113";"22465200002400002b00002524000690"
"1001-2550000352";"22465200002400002b00002625001883"
"1101-2625000317";"22465200002400002b00002625001313"
"1101-2604906496";"22465200002400002b00002625000881"
"1101-2625001285";"22465200002400002b00002625001053"
"1101-2524001109";"22465200002400002b00002625001064"
"1101-2524001017";"22465200002400002b00002625001672"
"1101-2625001151";"22465200002400002b00002625001058"
"1101-2524000956";"22465200002400002b00002625001871"
"1101-2524001068";"22465200002400002b00002625001057"
"1101-2551000071";"22465200002400002b00002625000866"
"1101-2524001081";"22465200002400002b00002625000979"
"1101-2524001411";"22465200002400002b00002625000956"
"1101-2625000196";"22465200002400002b00002625001866"
"1101-2524001177";"22465200002400002b00002625001089"
"1101-2524001126";"22465200002400002b00002625001091"
"1101-2625000717";"22465200002400002b00002625001394"
"1101-2524001127";"22465200002400002b00002625001683"
"1101-2524001051";"22465200002400002b00002625001071"
"1101-2625000796";"22465200002400002b00002625001406"
"1101-2625000828";"22465200002400002b00002625001277"
"1101-2543000061";"22465200002400002b00002625001059"
"1101-2524001053";"22465200002400002b00002524000795"
"1101-2524000991";"22465200002400002b00002524000470"
"1101-2524001162";"22465200002400002b00002625000971"
"1101-2625000318";"22465200002400002b00002625001728"
"1101-2625000682";"22465200002400002b00002625001217"
"1101-2524001004";"22465200002400002b00002625000991"
"1101-2524001059";"22465200002400002b00002625000972"
"1101-2524001071";"22465200002400002b00002625001801"
"1101-2524001067";"22465200002400002b00002625001580"
"1101-2524001253";"22465200002400002b00002625001529"
"1101-2524001041";"22465200002400002b00002625001679"
"1101-2524001012";"22465200002400002b00002625001569"
"1101-2625000143";"22465200002400002b00002625001473"
"1101-2524000979";"22465200002400002b00002625001836"
"1101-2524000977";"22465200002400002b00002625001832"
"1101-2625001247";"22465200002400002b00002625001114"
"1101-2524001262";"22465200002400002b00002625001485"
"1101-2524001036";"22465200002400002b00002625001181"
"1101-2524001027";"22465200002400002b00002625001524"
"1101-2625000605";"22465200002400002b00002625001519"
"1101-2625000935";"22465200002400002b00002625001369"
"1101-2625001209";"22465200002400002b00002625001296"
"1101-2625000513";"22465200002400002b00002625001087"
"1101-2524000879";"22465200002400002b00002625001376"
"1101-2625001012";"22465200002400002b00002625001571"
"1101-2625000424";"22465200002400002b00002625001029"
"1101-2625001013";"22465200002400002b00002625001021"
"1101-2625000963";"22465200002400002b00002625001824"
"1101-2625001122";"22465200002400002b00002625001585"
"1101-2625000512";"22465200002400002b00002625001929"
"1101-2524000836";"22465200002400002b00002625001566"
"1101-2625000918";"22465200002400002b00002625001025"
"1101-2524000887";"22465200002400002b00002625001480"
"1101-2625000191";"22465200002400002b00002625001020"
"1101-2625000351";"22465200002400002b00002625001353"
"1101-2524000827";"22465200002400002b00002625001403"
"1101-2625001278";"22465200002400002b00002625001362"
"1101-2625000712";"22465200002400002b00002625001921"
"1101-2532000744";"22465200002400002b00002625001386"
"1101-2625000508";"22465200002400002b00002625001379"
"1101-2524000882";"22465200002400002b00002625001941"
"1101-2625000205";"22465200002400002b00002625001054"
"1101-2532000440";"22465200002400002b00002625000907"
"1101-2524000848";"22465200002400002b00002625001438"
"1101-2625001025";"22465200002400002b00002625001388"
"1101-2625000371";"22465200002400002b00002625000878"
"1101-2625000353";"22465200002400002b00002625000869"
"1101-2625000427";"22465200002400002b00002625000870"
"1101-2625000501";"22465200002400002b00002625001710"
"1101-2506000095";"22465200002400002b00002625001062"
"1101-2532000685";"22465200002400002b00002625001691"
"1101-2532000445";"22465200002400002b00002625001191"
"1101-2537001824";"22465200002400002b00002625001061"
"1101-2625001054";"22465200002400002b00002625001291"
"1101-2532000981";"22465200002400002b00002625001674"
"1101-2625000922";"22465200002400002b00002625000863"
"1101-2524000846";"22465200002400002b00002625000921"
"1101-2625000210";"22465200002400002b00002625000871"
"1101-2532000434";"22465200002400002b00002625000919"
"1101-2625000160";"22465200002400002b00002625001504"
"1101-2625000443";"22465200002400002b00002625001429"
"1101-2532000948";"22465200002400002b00002625001906"
"1101-2625000694";"22465200002400002b00002625001621"
"1101-2532000695";"22465200002400002b00002625001199"
"1101-2625000397";"22465200002400002b00002625001436"
"1101-2625000407";"22465200002400002b00002625001613"
"1101-2625000773";"22465200002400002b00002625001719"
"1101-2625000207";"22465200002400002b00002625001751"
"1101-2625001009";"22465200002400002b00002625001220"
"1101-2625000151";"22465200002400002b00002625001212"
"1101-2625001040";"22465200002400002b00002625001427"
"1101-2625001035";"22465200002400002b00002625001905"
"1101-2625000215";"22465200002400002b00002625001269"
"1101-2625000460";"22465200002400002b00002625001717"
"1101-2543000494";"22465200002400002b00002625001415"
"1101-2532001548";"22465200002400002b00002625001712"
"1101-2532001379";"22465200002400002b00002625001894"
"1101-2625000570";"22465200002400002b00002625001716"
"1101-2625000471";"22465200002400002b00002625001210"
"1101-2625000664";"22465200002400002b00002625001421"
"1101-2625001032";"22465200002400002b00002625001754"
"1101-2625000312";"22465200002400002b00002625001202"
"1101-2625000541";"22465200002400002b00002625001424"
"1101-2625000374";"22465200002400002b00002625001713"
"1101-2625000139";"22465200002400002b00002625001221"
"1101-2625001253";"22465200002400002b00002625001229"
"1101-2625001020";"22465200002400002b00002625000967"
"1101-2625001170";"22465200002400002b00002625001495"
"1101-2625000956";"22465200002400002b00002625001461"
"1101-2625000346";"22465200002400002b00002625001417"
"1101-2625000515";"22465200002400002b00002625001792"
"1101-2625001011";"22465200002400002b00002625001752"
"1101-2625000743";"22465200002400002b00002625001749"
"1101-2625000390";"22465200002400002b00002625001798"
"1101-2625001267";"22465200002400002b00002625001422"
"1101-2625000950";"22465200002400002b00002625001333"
"1101-2625001265";"22465200002400002b00002625001649"
"1101-2625000548";"22465200002400002b00002625001903"
"1101-2625000463";"22465200002400002b00002625001736"
"1101-2625000942";"22465200002400002b00002625001602"
"1101-2625000609";"22465200002400002b00002625001201"
"1101-2625000206";"22465200002400002b00002625001328"
"1101-2625000755";"22465200002400002b00002625001505"
"1101-2625000509";"22465200002400002b00002524000600"
"1101-2625000457";"22465200002400002b00002524000509"
"1101-2625000282";"22465200002400002b00002524000448"
"1101-2625000658";"22465200002400002b00002524000485"
"1101-2625000587";"22465200002400002b00002524000495"
"1101-2625000260";"22465200002400002b00002524000498"
"1101-2625000202";"22465200002400002b00002524000494"
"1101-2625001097";"22465200002400002b00002524000504"
"1101-2625000319";"22465200002400002b00002524000610"
"1101-2532000199";"22465200002400002b00002524000408"
"1101-2625000316";"22465200002400002b00002524000469"
"1101-2625000223";"22465200002400002b00002524000503"
"1101-2625000332";"22465200002400002b00002524000488"
"1101-2625000543";"22465200002400002b00002524000489"
"1101-2625000175";"22465200002400002b00002524000477"
"1101-2625001005";"22465200002400002b00002524000480"
"1101-2625001093";"22465200002400002b00002524000594"
"1101-2625000584";"22465200002400002b00002524000474"
"1101-2625000402";"22465200002400002b00002524000484"
"1101-2543000663";"22465200002400002b00002524000419"
"1101-2625000799";"22465200002400002b00002524000679"
"1101-2625001282";"22465200002400002b00002524000475"
"1101-2625000683";"22465200002400002b00002524000505"
"1101-2532001418";"22465200002400002b00002625001055"
"1101-2532001606";"22465200002400002b00002625001097"
"1101-2625000181";"22465200002400002b00002625001915"
"1101-2625000156";"22465200002400002b00002625001781"
"1101-2604000534";"22465200002400002b00002625000908"
"1101-2625000359";"22465200002400002b00002625000892"
"1101-2625000538";"22465200002400002b00002625001095"
"1101-2549000403";"22465200002400002b00002625001093"
"1101-2524000839";"22465200002400002b00002625001044"
"1101-2625000391";"22465200002400002b00002625001913"
"1101-2625000362";"22465200002400002b00002625001654"
"1101-2625000401";"22465200002400002b00002625001890"
"1101-2625000593";"22465200002400002b00002625001917"
"1101-2625000150";"22465200002400002b00002625001322"
"1101-2625001027";"22465200002400002b00002625000920"
"1101-2625000180";"22465200002400002b00002625001500"
"1101-2625001245";"22465200002400002b00002625001227"
"1101-2532001666";"22465200002400002b00002625001639"
"1101-2625000271";"22465200002400002b00002625001652"
"1101-2532001042";"22465200002400002b00002625000980"
"1101-2524001377";"22465200002400002b00002625001455"
"1101-2625000544";"22465200002400002b00002625001341"
"1101-2625000393";"22465200002400002b00002625001648"
"1101-2625000993";"22465200002400002b00002625001235"
"1101-2625000200";"22465200002400002b00002625001797"
"1101-2625000164";"22465200002400002b00002625001759"
"1101-2524000894";"22465200002400002b00002625001324"
"1101-2532000323";"22465200002400002b00002625001152"
"1101-2625000392";"22465200002400002b00002625001022"
"1101-2537001914";"22465200002400002b00002625001032"
"1101-2625001021";"22465200002400002b00002625001167"
"1101-2524000831";"22465200002400002b00002625001014"
"1101-2625000654";"22465200002400002b00002625001562"
"1101-2625000915";"22465200002400002b00002625001031"
"1101-2625001099";"22465200002400002b00002625001319"
"1101-2625000285";"22465200002400002b00002625001028"
"1101-2524000852";"22465200002400002b00002625001015"
"1101-2625001105";"22465200002400002b00002625001935"
"1101-2625000193";"22465200002400002b00002625001372"
"1101-2625001213";"22465200002400002b00002625001023"
"1101-2625000142";"22465200002400002b00002625001820"
"1101-2625000473";"22465200002400002b00002625001012"
"1101-2625000169";"22465200002400002b00002625001009"
"1101-2625000659";"22465200002400002b00002625001036"
"1101-2625000166";"22465200002400002b00002625001646"
"1101-2625000671";"22465200002400002b00002625001812"
"1101-2625001101";"22465200002400002b00002625001814"
"1101-2524001368";"22465200002400002b00002625001767"
"1101-2625000809";"22465200002400002b00002625001256"
"1101-2625000323";"22465200002400002b00002625001808"
"1101-2625000489";"22465200002400002b00002625001700"
"1101-2625000497";"22465200002400002b00002625001655"
"1101-2625001123";"22465200002400002b00002625001633"
"1101-2625000594";"22465200002400002b00002625001226"
"1101-2532001320";"22465200002400002b00002625001764"
"1101-2625000975";"22465200002400002b00002625001705"
"1101-2625000673";"22465200002400002b00002625001810"
"1101-2625000192";"22465200002400002b00002625001160"
"1101-2551000154";"22465200002400002b00002625001258"
"1101-2625001210";"22465200002400002b00002625001766"
"1101-2625001203";"22465200002400002b00002625001632"
"1101-2625001202";"22465200002400002b00002625001047"
"1101-2625000363";"22465200002400002b00002625001451"
"1101-2625000144";"22465200002400002b00002625001909"
"1101-2625000700";"22465200002400002b00002625001056"
"1101-2625000535";"22465200002400002b00002625000905"
"1101-2625000168";"22465200002400002b00002625000912"
"1101-2625000212";"22465200002400002b00002625000916"
"1101-2625000152";"22465200002400002b00002625001920"
"1101-2524000878";"22465200002400002b00002625000897"
"1101-2524000847";"22465200002400002b00002625001880"
"1101-2524000302";"22465200002400002b00002625001919"
"1101-2625000707";"22465200002400002b00002625001106"
"1101-2625001199";"22465200002400002b00002625001279"
"1101-2625000315";"22465200002400002b00002625001439"
"1101-2625000354";"22465200002400002b00002625001912"
"1101-2524000849";"22465200002400002b00002625001520"
"1101-2524000853";"22465200002400002b00002625001088"
"1101-2625001195";"22465200002400002b00002625001046"
"1101-2625000665";"22465200002400002b00002625001446"
"1101-2524000842";"22465200002400002b00002625000917"
"1101-2625000979";"22465200002400002b00002625001051"
"1101-2625000358";"22465200002400002b00002625001295"
"1101-2625000522";"22465200002400002b00002625001183"
"1101-2625000367";"22465200002400002b00002625001099"
"1101-2625001212";"22465200002400002b00002625001284"
"1101-2625000179";"22465200002400002b00002625001443"
"1101-2625000366";"22465200002400002b00002625001440"
"1101-2524000826";"22465200002400002b00002625000903"
"1101-2532001615";"22465200002400002b00002625001775"
"1101-2625000657";"22465200002400002b00002625000969"
"1101-2625001167";"22465200002400002b00002625001627"
"1101-2524001354";"22465200002400002b00002625001763"
"1101-2524001373";"22465200002400002b00002625001222"
"1101-2524000884";"22465200002400002b00002625001257"
"1101-2532001368";"22465200002400002b00002625001928"
"1101-2625000333";"22465200002400002b00002625001816"
"1101-2625000141";"22465200002400002b00002625001758"
"1101-2506000319";"22465200002400002b00002625001908"
"1101-2625000626";"22465200002400002b00002625001038"
"1101-2625000313";"22465200002400002b00002625000900"
"1101-2625000677";"22465200002400002b00002625001547"
"1101-2625000174";"22465200002400002b00002625001761"
"1101-2625000527";"22465200002400002b00002625001487"
"1101-2625000511";"22465200002400002b00002625000973"
"1101-2625000304";"22465200002400002b00002625001809"
"1101-2625000504";"22465200002400002b00002625001175"
"1101-2625000161";"22465200002400002b00002524000487"
"1101-2625000708";"22465200002400002b00002625001013"
"1101-2625001120";"22465200002400002b00002625001127"
"1101-2625001026";"22465200002400002b00002625001804"
"1101-2625000495";"22465200002400002b00002625001492"
"1101-2625001211";"22465200002400002b00002625001640"
"1101-2625000987";"22465200002400002b00002625001034"
"1101-2625000816";"22465200002400002b00002625001828"
"1101-2625000678";"22465200002400002b00002625001924"
"1101-2625000355";"22465200002400002b00002625001636"
"1101-2549000443";"22465200002400002b00002625001930"
"1101-2543000505";"22465200002400002b00002625001157"
"1101-2543000491";"22465200002400002b00002625001016"
"1101-2625000611";"22465200002400002b00002524000472"
"1101-2625000178";"22465200002400002b00002524000685"
"1101-2532000993";"22465200002400002b00002625001019"
"1101-2625000791";"22465200002400002b00002625001624"
"1101-2625000328";"22465200002400002b00002625001208"
"1101-2625000474";"22465200002400002b00002625001551"
"1101-2625000339";"22465200002400002b00002625001523"
"1101-2625000444";"22465200002400002b00002625001926"
"1101-2625001165";"22465200002400002b00002625000925"
"1001-2526000207";"22465200002400002b00002625001145"
"1001-2526000177";"22465200002400002b00002625001671"
"1001-2526000192";"22465200002400002b00002625001944"
"1001-2526000179";"22465200002400002b00002625001531"
"1001-2526000190";"22465200002400002b00002625001526"
"1001-2526000208";"22465200002400002b00002625001842"
"1001-2526000185";"22465200002400002b00002625001664"
"1101-2532001616";"22465200002400002b00002625001875"
"1001-2526000191";"22465200002400002b00002625001948"
"1001-2526000187";"22465200002400002b00002625001868"
"1001-2526000182";"22465200002400002b00002625001326"
"1001-2526000189";"22465200002400002b00002625001472"
"1101-2532001269";"22465200002400002b00002625001666"
"1101-2532000901";"22465200002400002b00002625001864"
"1101-2532000892";"22465200002400002b00002625001949"
"1001-2526000188";"22465200002400002b00002625000957"
"1001-2526000186";"22465200002400002b00002625001676"
"1101-2625000288";"22465200002400002b00002625001307"
"1001-2526000181";"22465200002400002b00002625001187"
"1101-2532000970";"22465200002400002b00002625001834"
"1101-2532000877";"22465200002400002b00002625001512"
"1101-2532000943";"22465200002400002b00002625001314"
"1101-2532000458";"22465200002400002b00002625001663"
"1101-2625001201";"22465200002400002b00002625001340"
"1101-2625001256";"22465200002400002b00002625001223"
"1101-2537001906";"22465200002400002b00002625001193"
"1101-2532001661";"22465200002400002b00002625001535"
"1101-2532000965";"22465200002400002b00002625001867"
"1101-2532000750";"22465200002400002b00002535002195"
"1101-2532001398";"22465200002400002b00002535002212"
"1101-2532001403";"22465200002400002b00002535001128"
"1101-2532001098";"22465200002400002b00002535001855"
"1101-2532001351";"22465200002400002b00002625001003"
"1101-2532000881";"22465200002400002b00002535001845"
"1101-2532000366";"22465200002400002b00002535001297"
"1101-2625000650";"22465200002400002b00002535001844"
"1101-2625000382";"22465200002400002b00002535001126"
"1101-2625000302";"22465200002400002b00002535001151"
"1101-2532000463";"22465200002400002b00002535000827"
"1101-2625000296";"22465200002400002b00002535000207"
"1101-2625001121";"22465200002400002b00002535000738"
"1101-2625000937";"22465200002400002b00002535000723"
"1101-2625001259";"22465200002400002b00002535001843"
"1101-2625000403";"22465200002400002b00002535001847"
"1101-2532000967";"22465200002400002b00002535001139"
"1101-2547020059";"22465200002400002b00002535001231"
"1101-2625000630";"22465200002400002b00002535001078"
"1101-2625000723";"22465200002400002b00002535001244"
"1101-2532000730";"22465200002400002b00002535001221"
"1101-2625001171";"22465200002400002b00002535001240"
"1101-2532000391";"22465200002400002b00002535000744"
"1101-2625000924";"22465200002400002b00002535001060"
"1101-2532000274";"22465200002400002b00002535000313"
"1101-2625001103";"22465200002400002b00002535001225"
"1101-2625000265";"22465200002400002b00002535001061"
"1101-2625000957";"22465200002400002b00002535001220"
"1101-2532000582";"22465200002400002b00002535000845"
"1101-2625000695";"22465200002400002b00002535000308"
"1101-2625000273";"22465200002400002b00002535001064"
"1101-2532000261";"22465200002400002b00002535000745"
"1101-2532000755";"22465200002400002b00002535002214"
"1101-2532001103";"22465200002400002b00002535000116"
"1101-2625001091";"22465200002400002b00002535000884"
"1101-2532001406";"22465200002400002b00002535001300"
"1101-2532001187";"22465200002400002b00002625001346"
"1101-2625000439";"22465200002400002b00002535001222"
"1101-2532001397";"22465200002400002b00002535000836"
"1101-2532000834";"22465200002400002b00002535001207"
"1101-2625000999";"22465200002400002b00002535001072"
"1101-2532001259";"22465200002400002b00002535002194"
"1101-2532001464";"22465200002400002b00002535001305"
"1101-2532000626";"22465200002400002b00002535000743"
"1101-2625000256";"22465200002400002b00002535001218"
"1101-2625000779";"22465200002400002b00002535000249"
"1101-2532001307";"22465200002400002b00002535002216"
"1101-2625001090";"22465200002400002b00002535001258"
"1101-2625000801";"22465200002400002b00002535000251"
"1101-2532000580";"22465200002400002b00002535000863"
"1101-2532001526";"22465200002400002b00002535000379"
"1101-2532000719";"22465200002400002b00002535000255"
"1101-2532000771";"22465200002400002b00002535000733"
"1101-2532001491";"22465200002400002b00002535001087"
"1101-2532000782";"22465200002400002b00002535001091"
"1101-2532001141";"22465200002400002b00002535000243"
"1101-2532000870";"22465200002400002b00002535001304"
"1101-2532000452";"22465200002400002b00002535000581"
"1101-2625000453";"22465200002400002b00002535000284"
"1101-2532000860";"22465200002400002b00002535000857"
"1101-2532000609";"22465200002400002b00002535000121"
"1101-2532000542";"22465200002400002b00002535002231"
"1101-2532000806";"22465200002400002b00002535000866"
"1101-2532001623";"22465200002400002b00002535000740"
"1101-2532000462";"22465200002400002b00002535000571"
"1101-2532000994";"22465200002400002b00002535000784"
"1101-2532001280";"22465200002400002b00002535000576"
"1101-2532000853";"22465200002400002b00002535001180"
"1101-2532001081";"22465200002400002b00002535001096"
"1101-2532000795";"22465200002400002b00002535000874"
"1101-2532000832";"22465200002400002b00002535000924"
"1101-2532000864";"22465200002400002b00002535001095"
"1101-2532000693";"22465200002400002b00002535000122"
"1101-2532000827";"22465200002400002b00002535000114"
"1101-2532001036";"22465200002400002b00002535002215"
"1101-2532001043";"22465200002400002b00002625001471"
"1101-2625000481";"22465200002400002b00002535001099"
"1101-2625000697";"22465200002400002b00002535001094"
"1101-2625000291";"22465200002400002b00002535000570"
"1101-2532001308";"22465200002400002b00002535001146"
"1101-2532001336";"22465200002400002b00002535001184"
"1101-2532001143";"22465200002400002b00002535001204"
"1101-2532000302";"22465200002400002b00002535001186"
"1101-2532001371";"22465200002400002b00002535001052"
"1101-2532001202";"22465200002400002b00002535001251"
"1101-2532001321";"22465200002400002b00002535001183"
"1101-2532001330";"22465200002400002b00002535001203"
"1101-2625000951";"22465200002400002b00002535000926"
"1101-2532001646";"22465200002400002b00002535001138"
"1101-2532001620";"22465200002400002b00002535001120"
"1101-2532000996";"22465200002400002b00002625001011"
"1101-2625000947";"22465200002400002b00002535001177"
"1101-2532000557";"22465200002400002b00002535001136"
"1101-2625000953";"22465200002400002b00002535000575"
"1101-2532001148";"22465200002400002b00002535001100"
"1101-2532000837";"22465200002400002b00002535000256"
"1101-2532001547";"22465200002400002b00002535001688"
"1101-2532000808";"22465200002400002b00002535002218"
"1101-2532000929";"22465200002400002b00002535002235"
"1101-2625000735";"22465200002400002b00002535000780"
"1101-2607000269";"22465200002400002b00002535000779"
"1101-2625000736";"22465200002400002b00002535000772"
"1101-2625000752";"22465200002400002b00002535002230"
"1101-2532000583";"22465200002400002b00002535000778"
"1101-2625000820";"22465200002400002b00002535001269"
"1101-2625000784";"22465200002400002b00002535001687"
"1101-2532000797";"22465200002400002b00002535002217"
"1101-2532000850";"22465200002400002b00002535001265"
"1101-2532000875";"22465200002400002b00002535001254"
"1101-2625000757";"22465200002400002b00002535002222"
"1101-2532000855";"22465200002400002b00002535000883"
"1101-2625000470";"22465200002400002b00002535001092"
"1101-2625000797";"22465200002400002b00002535001175"
"1101-2625001159";"22465200002400002b00002535000726"
"1101-2532000779";"22465200002400002b00002535000206"
"1101-2532000527";"22465200002400002b00002535002168"
"1101-2532000911";"22465200002400002b00002535001548"
"1101-2532000361";"22465200002400002b00002535000215"
"1101-2532001055";"22465200002400002b00002535000731"
"1101-2532000757";"22465200002400002b00002535000729"
"1101-2532000470";"22465200002400002b00002535000357"
"1101-2532000959";"22465200002400002b00002535001112"
"1101-2532000857";"22465200002400002b00002535000378"
"1101-2532001584";"22465200002400002b00002535000373"
"1101-2532000907";"22465200002400002b00002535000336"
"1101-2532001347";"22465200002400002b00002535000356"
"1101-2532001312";"22465200002400002b00002535001849"
"1101-2532000825";"22465200002400002b00002535000369"
"1101-2625000277";"22465200002400002b00002535000346"
"1101-2532001676";"22465200002400002b00002535001837"
"1101-2532000882";"22465200002400002b00002535001114"
"1101-2532000455";"22465200002400002b00002535001862"
"1101-2532000766";"22465200002400002b00002535001111"
"1101-2532000921";"22465200002400002b00002535000349"
"1101-2537001868";"22465200002400002b00002535001852"
"1101-2532000528";"22465200002400002b00002535000381"
"1101-2532001147";"22465200002400002b00002535000370"
"1101-2532001688";"22465200002400002b00002535001113"
"1101-2532000648";"22465200002400002b00002535000721"
"1101-2532000627";"22465200002400002b00002535000724"
"1101-2532001658";"22465200002400002b00002535000718"
"1101-2532001693";"22465200002400002b00002535000720"
"1101-2532001668";"22465200002400002b00002535000730"
"1101-2532000647";"22465200002400002b00002535002192"
"1101-2532000567";"22465200002400002b00002535000719"
"1101-2532001642";"22465200002400002b00002535001261"
"1101-2532001643";"22465200002400002b00002535001101"
"1101-2532000746";"22465200002400002b00002535001143"
"1101-2532001690";"22465200002400002b00002535001232"
"1101-2532000569";"22465200002400002b00002535001840"
"1101-2532000541";"22465200002400002b00002535001363"
"1101-2532001114";"22465200002400002b00002535001267"
"1101-2532000576";"22465200002400002b00002535001107"
"1101-2532000589";"22465200002400002b00002535000340"
"1101-2532000333";"22465200002400002b00002535001152"
"1101-2532000507";"22465200002400002b00002535000330"
"1101-2532001129";"22465200002400002b00002535001842"
"1101-2532001675";"22465200002400002b00002535001110"
"1101-2532001663";"22465200002400002b00002535001133"
"1101-2532000265";"22465200002400002b00002535001076"
"1101-2532000980";"22465200002400002b00002535001129"
"1101-2532001146";"22465200002400002b00002535001857"
"1101-2532001636";"22465200002400002b00002535001135"
"1101-2532001256";"22465200002400002b00002535001156"
"1101-2625000817";"22465200002400002b00002535000572"
"1101-2532000377";"22465200002400002b00002535001179"
"1101-2532000987";"22465200002400002b00002535000891"
"1101-2532001102";"22465200002400002b00002535001181"
"1101-2532000659";"22465200002400002b00002535000885"
"1101-2532000822";"22465200002400002b00002535000887"
"1101-2532001140";"22465200002400002b00002535000334"
"1101-2532001557";"22465200002400002b00002535000894"
"1101-2532000607";"22465200002400002b00002535000579"
"1101-2532001211";"22465200002400002b00002535000317"
"1101-2532001044";"22465200002400002b00002535000335"
"1101-2537002085";"22465200002400002b00002535001173"
"1101-2532000975";"22465200002400002b00002535001256"
"1101-2532000927";"22465200002400002b00002535000580"
"1101-2532000480";"22465200002400002b00002535000562"
"1101-2537002093";"22465200002400002b00002535000893"
"1101-2532000387";"22465200002400002b00002535000896"
"1101-2532001100";"22465200002400002b00002535001119"
"1101-2532000717";"22465200002400002b00002535000312"
"1101-2537002057";"22465200002400002b00002535000882"
"1101-2532000351";"22465200002400002b00002535001182"
"1101-2532000497";"22465200002400002b00002535001174"
"1101-2532000823";"22465200002400002b00002535001272"
"1101-2532000724";"22465200002400002b00002535001846"
"1101-2532001198";"22465200002400002b00002535000371"
"1101-2506000203";"22465200002400002b00002535001068"
"1101-2625000537";"22465200002400002b00002535001124"
"1101-2532001684";"22465200002400002b00002535001856"
"1101-2532000635";"22465200002400002b00002535001211"
"1101-2537001992";"22465200002400002b00002535001131"
"1101-2546000033";"22465200002400002b00002535001141"
"1101-2532001093";"22465200002400002b00002535001215"
"1101-2537001977";"22465200002400002b00002535001069"
"1101-2537002287";"22465200002400002b00002535001066"
"1101-2532000800";"22465200002400002b00002535001063"
"1101-2506000681";"22465200002400002b00002535001125"
"1101-2532001363";"22465200002400002b00002535001865"
"1101-2532001596";"22465200002400002b00002535000310"
"1101-2625000506";"22465200002400002b00002535001127"
"1101-2532001074";"22465200002400002b00002535001214"
"1101-2537001900";"22465200002400002b00002535001859"
"1101-2625000534";"22465200002400002b00002535000318"
"1101-2524001176";"22465200002400002b00002535001108"
"1101-2532000646";"22465200002400002b00002535001154"
"1101-2537002031";"22465200002400002b00002535001105"
"1101-2625000592";"22465200002400002b00002535001155"
"1101-2625000352";"22465200002400002b00002535001147"
"1101-2532001387";"22465200002400002b00002535001149"
"1101-2537002260";"22465200002400002b00002535000324"
"1101-2532001537";"22465200002400002b00002535000259"
"1101-2532001365";"22465200002400002b00002535001083"
"1101-2524000401";"22465200002400002b00002535000895"
"1101-2532000263";"22465200002400002b00002535000879"
"1101-2532000706";"22465200002400002b00002535001062"
"1101-2532000574";"22465200002400002b00002535000311"
"1101-2532000600";"22465200002400002b00002535001065"
"1101-2532000751";"22465200002400002b00002535001157"
"1101-2532000517";"22465200002400002b00002535001226"
"1101-2524000222";"22465200002400002b00002535001081"
"1101-2532000597";"22465200002400002b00002535001109"
"1101-2524000402";"22465200002400002b00002524000513"
"1101-2625000523";"22465200002400002b00002625001647"
"1101-2524000357";"22465200002400002b00002524000568"
"1101-2532001662";"22465200002400002b00002535002142"
"1101-2532000404";"22465200002400002b00002535002242"
"1101-2532000205";"22465200002400002b00002535000612"
"1101-2532001019";"22465200002400002b00002535001822"
"1101-2532000370";"22465200002400002b00002535001406"
"1101-2625000493";"22465200002400002b00002625001048"
"1101-2625000832";"22465200002400002b00002535000736"
"1101-2532000923";"22465200002400002b00002535001935"
"1101-2532000774";"22465200002400002b00002535002126"
"1101-2532000402";"22465200002400002b00002535000646"
"1101-2532001059";"22465200002400002b00002535001578"
"1101-2532001137";"22465200002400002b00002535000159"
"1101-2532001176";"22465200002400002b00002535001670"
"1101-2532000699";"22465200002400002b00002535001399"
"1101-2532001033";"22465200002400002b00002535001735"
"1101-2532001048";"22465200002400002b00002535002072"
"1101-2532000512";"22465200002400002b00002535001339"
"1101-2532000382";"22465200002400002b00002535001925"
"1101-2532000185";"22465200002400002b00002535000793"
"1101-2532000322";"22465200002400002b00002535001274"
"1101-2532000770";"22465200002400002b00002535001198"
"1101-2532001521";"22465200002400002b00002535002100"
"1101-2532000328";"22465200002400002b00002535000144"
"1101-2532000793";"22465200002400002b00002535000177"
"1101-2532001138";"22465200002400002b00002535002176"
"1101-2532001536";"22465200002400002b00002535002207"
"1101-2532000819";"22465200002400002b00002535002047"
"1101-2532001199";"22465200002400002b00002535000929"
"1101-2625000571";"22465200002400002b00002625001606"
"1101-2532001236";"22465200002400002b00002535002166"
"1101-2532001184";"22465200002400002b00002535000266"
"1101-2506000008";"22465200002400002b00002535000262"
"1101-2532000575";"22465200002400002b00002535000861"
"1101-2532001101";"22465200002400002b00002535000691"
"1101-2532001056";"22465200002400002b00002535001923"
"1101-2532001241";"22465200002400002b00002535001307"
"1101-2532001154";"22465200002400002b00002535002266"
"1101-2532000537";"22465200002400002b00002535000037"
"1101-2532000704";"22465200002400002b00002535002104"
"1101-2532001052";"22465200002400002b00002535002090"
"1101-2532001086";"22465200002400002b00002535000333"
"1101-2532001323";"22465200002400002b00002535000034"
"1101-2532000890";"22465200002400002b00002535002054"
"1101-2532000838";"22465200002400002b00002535000332"
"1101-2532001060";"22465200002400002b00002535000801"
"1101-2532000543";"22465200002400002b00002535001878"
"1101-2532000667";"22465200002400002b00002535002134"
"1101-2532000270";"22465200002400002b00002535001319"
"1101-2532001569";"22465200002400002b00002535000776"
"1101-2532000550";"22465200002400002b00002535000209"
"1101-2532000702";"22465200002400002b00002535001554"
"1101-2532000672";"22465200002400002b00002625000997"
"1101-2532000962";"22465200002400002b00002535001900"
"1101-2532001577";"22465200002400002b00002535000933"
"1101-2625000199";"22465200002400002b00002625001083"
"1101-2532001670";"22465200002400002b00002535001741"
"1101-2532000764";"22465200002400002b00002535002127"
"1101-2532000506";"22465200002400002b00002535002130"
"1101-2532001554";"22465200002400002b00002535001598"
"1101-2532000686";"22465200002400002b00002535001603"
"1101-2532000752";"22465200002400002b00002535001586"
"1101-2532001283";"22465200002400002b00002535000930"
"1101-2532000467";"22465200002400002b00002535002074"
"1101-2625000795";"22465200002400002b00002535000132"
"1101-2532000720";"22465200002400002b00002535000203"
"1101-2532000408";"22465200002400002b00002535000667"
"1101-2532001339";"22465200002400002b00002535000914"
"1101-2532001045";"22465200002400002b00002535000071"
"1101-2532001592";"22465200002400002b00002535001787"
"1101-2532001622";"22465200002400002b00002535001677"
"1101-2532001444";"22465200002400002b00002535000268"
"1101-2532001151";"22465200002400002b00002535002238"
"1101-2532001217";"22465200002400002b00002535001277"
"1101-2532001175";"22465200002400002b00002535002099"
"1101-2537002244";"22465200002400002b00002535001341"
"1101-2532001534";"22465200002400002b00002535001549"
"1101-2532000540";"22465200002400002b00002535000560"
"1101-2532001487";"22465200002400002b00002535001379"
"1101-2532000461";"22465200002400002b00002535001351"
"1101-2532000658";"22465200002400002b00002535001829"
"1101-2532000539";"22465200002400002b00002535000559"
"1101-2532001700";"22465200002400002b00002535000024"
"1101-2532001080";"22465200002400002b00002535001196"
"1101-2506000941";"22465200002400002b00002535001955"
"1101-2532000671";"22465200002400002b00002535000659"
"1101-2532000472";"22465200002400002b00002535001898"
"1101-2532000652";"22465200002400002b00002535001803"
"1101-2532000846";"22465200002400002b00002535001983"
"1101-2532000403";"22465200002400002b00002535000538"
"1101-2532000974";"22465200002400002b00002535001237"
"1101-2532000919";"22465200002400002b00002535000275"
"1101-2532000769";"22465200002400002b00002535000066"
"1101-2532000396";"22465200002400002b00002535001774"
"1101-2532000645";"22465200002400002b00002535000869"
"1101-2532000995";"22465200002400002b00002535001710"
"1101-2537002005";"22465200002400002b00002535001273"
"1101-2537002172";"22465200002400002b00002535001797"
"1101-2532000918";"22465200002400002b00002535000637"
"1101-2532001071";"22465200002400002b00002535001884"
"1101-2532000275";"22465200002400002b00002535001867"
"1101-2524000289";"22465200002400002b00002524000805"
"1101-2532001463";"22465200002400002b00002535002114"
"1101-2532001354";"22465200002400002b00002535001806"
"1101-2532001587";"22465200002400002b00002535001800"
"1101-2532001638";"22465200002400002b00002535002010"
"1101-2532000809";"22465200002400002b00002535001428"
"1101-2532000696";"22465200002400002b00002535001901"
"1101-2537002203";"22465200002400002b00002535001991"
"1101-2537002072";"22465200002400002b00002525000801"
"1101-2537001866";"22465200002400002b00002535002184"
"1101-2532000529";"22465200002400002b00002535000539"
"1101-2537001865";"22465200002400002b00002535000638"
"1101-2537001987";"22465200002400002b00002535001709"
"1101-2537002263";"22465200002400002b00002535001805"
"1101-2532001204";"22465200002400002b00002535000842"
"1101-2532001338";"22465200002400002b00002535001882"
"1101-2532000236";"22465200002400002b00002535000117"
"1101-2532000976";"22465200002400002b00002535000220"
"1101-2532001696";"22465200002400002b00002535000832"
"1101-2532001227";"22465200002400002b00002535000183"
"1101-2532001196";"22465200002400002b00002535000936"
"1101-2532001038";"22465200002400002b00002535001893"
"1101-2532001013";"22465200002400002b00002535000035"
"1101-2532000433";"22465200002400002b00002535002179"
"1101-2537002063";"22465200002400002b00002535000278"
"1101-2532000259";"22465200002400002b00002535002253"
"1101-2532000913";"22465200002400002b00002535001557"
"1101-2537002276";"22465200002400002b00002535001563"
"1101-2532000951";"22465200002400002b00002535002135"
"1101-2532001005";"22465200002400002b00002535002129"
"1101-2532001032";"22465200002400002b00002535000790"
"1101-2532000891";"22465200002400002b00002535001564"
"1101-2532001576";"22465200002400002b00002535001555"
"1101-2537001984";"22465200002400002b00002535000627"
"1101-2532000441";"22465200002400002b00002535000513"
"1101-2532001445";"22465200002400002b00002535001776"
"1101-2532000300";"22465200002400002b00002535000673"
"1101-2532001133";"22465200002400002b00002535001400"
"1101-2532000623";"22465200002400002b00002535001313"
"1101-2532000963";"22465200002400002b00002535002061"
"1101-2532001070";"22465200002400002b00002535002244"
"1101-2532000722";"22465200002400002b00002535001311"
"1101-2532001075";"22465200002400002b00002535000618"
"1101-2532000314";"22465200002400002b00002535000112"
"1101-2506000114";"22465200002400002b00002535000759"
"1101-2532000291";"22465200002400002b00002535001568"
"1101-2532000591";"22465200002400002b00002535000715"
"1101-2532001473";"22465200002400002b00002535001820"
"1101-2532001295";"22465200002400002b00002535002068"
"1101-2537001899";"22465200002400002b00002535000767"
"1101-2532001480";"22465200002400002b00002535000742"
"1101-2537002290";"22465200002400002b00002535000625"
"1101-2537001904";"22465200002400002b00002535001308"
"1101-2537002100";"22465200002400002b00002535001738"
"1101-2537002170";"22465200002400002b00002535002063"
"1101-2532000630";"22465200002400002b00002535001378"
"1101-2537002075";"22465200002400002b00002535000760"
"1101-2537001901";"22465200002400002b00002535001567"
"1101-2537001864";"22465200002400002b00002535001191"
"1101-2537002146";"22465200002400002b00002535001482"
"1101-2537002154";"22465200002400002b00002535000694"
"1101-2537002123";"22465200002400002b00002535000196"
"1101-2532001583";"22465200002400002b00002535000078"
"1101-2532001011";"22465200002400002b00002535001364"
"1101-2537002221";"22465200002400002b00002535000154"
"1101-2532000341";"22465200002400002b00002535000026"
"1101-2532001466";"22465200002400002b00002535000630"
"1101-2532001678";"22465200002400002b00002535002264"
"1101-2537002291";"22465200002400002b00002535000033"
"1101-2537002323";"22465200002400002b00002535001458"
"1101-2537002163";"22465200002400002b00002535000544"
"1101-2537001828";"22465200002400002b00002535000193"
"1101-2537002105";"22465200002400002b00002535001518"
"1101-2537001897";"22465200002400002b00002535000546"
"1101-2537002047";"22465200002400002b00002535001521"
"1101-2537002288";"22465200002400002b00002535001750"
"1101-2532001106";"22465200002400002b00002535000224"
"1101-2532001248";"22465200002400002b00002535000067"
"1101-2532001072";"22465200002400002b00002535001288"
"1101-2532000754";"22465200002400002b00002535001758"
"1101-2532001300";"22465200002400002b00002535000052"
"1101-2532001252";"22465200002400002b00002535000906"
"1101-2532000280";"22465200002400002b00002535001535"
"1101-2537002265";"22465200002400002b00002535000652"
"1101-2532001302";"22465200002400002b00002535000556"
"1101-2532001185";"22465200002400002b00002535002257"
"1101-2532001381";"22465200002400002b00002535001353"
"1101-2537001982";"22465200002400002b00002535002103"
"1101-2537002142";"22465200002400002b00002535001200"
"1101-2537002200";"22465200002400002b00002535001383"
"1101-2537002058";"22465200002400002b00002535001959"
"1101-2537002147";"22465200002400002b00002535001248"
"1101-2537002243";"22465200002400002b00002535000550"
"1101-2537002108";"22465200002400002b00002535000101"
"1101-2537002120";"22465200002400002b00002535001048"
"1101-2537001962";"22465200002400002b00002535001759"
"1101-2537002089";"22465200002400002b00002535002124"
"1101-2537002255";"22465200002400002b00002535001986"
"1101-2537001948";"22465200002400002b00002535002140"
"1101-2537002330";"22465200002400002b00002535001348"
"1101-2537002361";"22465200002400002b00002535002060"
"1101-2537002122";"22465200002400002b00002535000187"
"1101-2532000367";"22465200002400002b00002535001519"
"1101-2532001356";"22465200002400002b00002535000785"
"1101-2532000666";"22465200002400002b00002535000753"
"1101-2532001041";"22465200002400002b00002535000599"
"1101-2537001902";"22465200002400002b00002535001085"
"1101-2537002369";"22465200002400002b00002535002083"
"1101-2532001698";"22465200002400002b00002535001685"
"1101-2532001585";"22465200002400002b00002535000179"
"1101-2537002000";"22465200002400002b00002535002198"
"1101-2532001090";"22465200002400002b00002535000145"
"1101-2537001930";"22465200002400002b00002535000139"
"1101-2537002273";"22465200002400002b00002535000710"
"1101-2532001014";"22465200002400002b00002535000698"
"1101-2537002339";"22465200002400002b00002535001527"
"1101-2537002364";"22465200002400002b00002535001397"
"1101-2532000629";"22465200002400002b00002535002012"
"1101-2532000924";"22465200002400002b00002535001979"
"1101-2532000876";"22465200002400002b00002535001697"
"1101-2537002312";"22465200002400002b00002535002084"
"1101-2532000190";"22465200002400002b00002535000768"
"1101-2537002032";"22465200002400002b00002535002037"
"1101-2532000665";"22465200002400002b00002535001380"
"1101-2537001869";"22465200002400002b00002535001284"
"1101-2537002003";"22465200002400002b00002535001775"
"1101-2537002289";"22465200002400002b00002535001988"
"1101-2537001834";"22465200002400002b00002535002025"
"1101-2537001839";"22465200002400002b00002535000049"
"1101-2537001999";"22465200002400002b00002535002158"
"1101-2537002212";"22465200002400002b00002535002107"
"1101-2537002199";"22465200002400002b00002535000632"
"1101-2537002177";"22465200002400002b00002535001917"
"1101-2537002377";"22465200002400002b00002535000689"
"1101-2537002002";"22465200002400002b00002535000758"
"1101-2537001912";"22465200002400002b00002535000854"
"1101-2537002118";"22465200002400002b00002535001229"
"1101-2532001279";"22465200002400002b00002535000816"
"1101-2537002282";"22465200002400002b00002535001781"
"1101-2537002233";"22465200002400002b00002535001338"
"1101-2532000618";"22465200002400002b00002535002073"
"1101-2532001679";"22465200002400002b00002535001170"
"1101-2532001183";"22465200002400002b00002535001171"
"1101-2532001245";"22465200002400002b00002543003050"
"1101-2532000318";"22465200002400002b00002543003009"
"1101-2532000684";"22465200002400002b00002535001762"
"1101-2543000149";"22465200002400002b00002543002668"
"1101-2532000636";"22465200002400002b00002535000046"
"1101-2532001274";"22465200002400002b00002535002028"
"1101-2532000372";"22465200002400002b00002535001791"
"1101-2537002156";"22465200002400002b00002535002040"
"1101-2625000233";"22465200002400002b00002535000273"
"1101-2532001219";"22465200002400002b00002535000137"
"1101-2532001448";"22465200002400002b00002543002959"
"1101-2532000762";"22465200002400002b00002543002788"
"1101-2532000749";"22465200002400002b00002543002457"
"1101-2532001485";"22465200002400002b00002543002897"
"1101-2532001094";"22465200002400002b00002543002905"
"1101-2524001464";"22465200002400002b00002543002674"
"1101-2537001917";"22465200002400002b00002543002968"
"1101-2532000411";"22465200002400002b00002543003008"
"1101-2537002124";"22465200002400002b00002543002825"
"1101-2537001997";"22465200002400002b00002543003051"
"1101-2537002088";"22465200002400002b00002543002679"
"1101-2537002231";"22465200002400002b00002543002971"
"1101-2551000523";"22465200002400002b00002535000045"
"1101-2551000219";"22465200002400002b00002535000682"
"1101-2537002353";"22465200002400002b00002543002682"
"1101-2537001847";"22465200002400002b00002543002815"
"1101-2537002272";"22465200002400002b00002535000093"
"1101-2532000535";"22465200002400002b00002535002208"
"1101-2537001959";"22465200002400002b00002535001809"
"1101-2537002299";"22465200002400002b00002535001943"
"1101-2537002202";"22465200002400002b00002543002809"
"1101-2532001083";"22465200002400002b00002535000934"
"1101-2537001807";"22465200002400002b00002535000613"
"1101-2532000942";"22465200002400002b00002535000700"
"1101-2537001806";"22465200002400002b00002535001980"
"1101-2537001813";"22465200002400002b00002535001333"
"1101-2537002099";"22465200002400002b00002535001675"
"1101-2532001210";"22465200002400002b00002535001962"
"1101-2532001225";"22465200002400002b00002535000537"
"1101-2537002128";"22465200002400002b00002543002862"
"1101-2537001974";"22465200002400002b00002535001310"
"1101-2532000501";"22465200002400002b00002535002096"
"1101-2532000700";"22465200002400002b00002535002087"
"1101-2537001896";"22465200002400002b00002535001507"
"1101-2532001247";"22465200002400002b00002535001749"
"1101-2532001329";"22465200002400002b00002535001316"
"1101-2537001898";"22465200002400002b00002535001566"
"1101-2524001439";"22465200002400002b00002543002884"
"1101-2537002239";"22465200002400002b00002535000098"
"1101-2537002144";"22465200002400002b00002535000234"
"1101-2532000531";"22465200002400002b00002543002790"
"1101-2537002145";"22465200002400002b00002535000276"
"1101-2537001976";"22465200002400002b00002543003054"
"1101-2537001969";"22465200002400002b00002535000131"
"1101-2532000966";"22465200002400002b00002535000596"
"1101-2532001230";"22465200002400002b00002535001777"
"1101-2532000677";"22465200002400002b00002535001526"
"1101-2532001475";"22465200002400002b00002535002150"
"1101-2537002368";"22465200002400002b00002535001940"
"1101-2537002004";"22465200002400002b00002535001798"
"1101-2532000756";"22465200002400002b00002535002165"
"1101-2532000721";"22465200002400002b00002535000937"
"1101-2532000400";"22465200002400002b00002535000791"
"1101-2532001442";"22465200002400002b00002543002744"
"1101-2532001107";"22465200002400002b00002543002996"
"1101-2532000508";"22465200002400002b00002543002361"
"1101-2532000420";"22465200002400002b00002543003067"
"1101-2537002268";"22465200002400002b00002543003072"
"1101-2532001588";"22465200002400002b00002543002427"
"1101-2532001362";"22465200002400002b00002543002964"
"1101-2543000544";"22465200002400002b00002535001328"
"1101-2532000268";"22465200002400002b00002535000530"
"1101-2537001851";"22465200002400002b00002543002981"
"1101-2537002141";"22465200002400002b00002535000939"
"1101-2537002180";"22465200002400002b00002543003048"
"1101-2524000844";"22465200002400002b00002543002583"
"1101-2537002205";"22465200002400002b00002535001583"
"1101-2532000393";"22465200002400002b00002535001503"
"1101-2532001010";"22465200002400002b00002543002574"
"1101-2532000397";"22465200002400002b00002543002637"
"1101-2543000344";"22465200002400002b00002543002780"
"1101-2543000063";"22465200002400002b00002543002568"
"1101-2537002071";"22465200002400002b00002543002983"
"1101-2537002132";"22465200002400002b00002543002532"
"1101-2532001651";"22465200002400002b00002535001814"
"1101-2537001860";"22465200002400002b00002543002873"
"1101-2537002252";"22465200002400002b00002543002717"
"1101-2537001907";"22465200002400002b00002535001169"
"1101-2537002337";"22465200002400002b00002535000902"
"1101-2537001895";"22465200002400002b00002535000900"
"1001-2533000118";"22465200002400002b00002535001825"
"1101-2537001971";"22465200002400002b00002543002984"
"1101-2537001963";"22465200002400002b00002543003055"
"1101-2537002106";"22465200002400002b00002543002549"
"1101-2537002030";"22465200002400002b00002535000633"
"1101-2532001335";"22465200002400002b00002535000279"
"1101-2532001460";"22465200002400002b00002535001984"
"1101-2537002081";"22465200002400002b00002543002603"
"1101-2532001564";"22465200002400002b00002535001433"
"1101-2532000661";"22465200002400002b00002535000280"
"1101-2537002137";"22465200002400002b00002543002966"
"1101-2537001947";"22465200002400002b00002535001246"
"1101-2537001870";"22465200002400002b00002535001245"
"1101-2537002307";"22465200002400002b00002535000057"
"1101-2537001909";"22465200002400002b00002535001236"
"1101-2537002235";"22465200002400002b00002535001250"
"1101-2543000643";"22465200002400002b00002543002360"
"1101-2543000105";"22465200002400002b00002543002447"
"1101-2537002319";"22465200002400002b00002535000794"
"1101-2532001419";"22465200002400002b00002535001335"
"1101-2532001242";"22465200002400002b00002535000773"
"1101-2537002175";"22465200002400002b00002535000143"
"1101-2625000221";"22465200002400002b00002543002439"
"1101-2532000481";"22465200002400002b00002535000253"
"1101-2532000650";"22465200002400002b00002535001952"
"1101-2543000502";"22465200002400002b00002543002562"
"1101-2532000906";"22465200002400002b00002535000922"
"1101-2543000510";"22465200002400002b00002543002418"
"1101-2625000782";"22465200002400002b00002535000107"
"1101-2506000173";"22465200002400002b00002535001704"
"1101-2532000861";"22465200002400002b00002535001453"
"1101-2532000737";"22465200002400002b00002535000748"
"1101-2543000481";"22465200002400002b00002543002582"
"1101-2532000442";"22465200002400002b00002535000598"
"1101-2537002188";"22465200002400002b00002543002667"
"1101-2532000242";"22465200002400002b00002535000126"
"1101-2537002366";"22465200002400002b00002535000044"
"1101-2543000593";"22465200002400002b00002543002782"
"1101-2537002116";"22465200002400002b00002535000304"
"1101-2537002338";"22465200002400002b00002543002464"
"1101-2537001842";"22465200002400002b00002535000070"
"1101-2537002215";"22465200002400002b00002535001366"
"1101-2543000224";"22465200002400002b00002543002703"
"1101-2537002094";"22465200002400002b00002543002887"
"1101-2537001854";"22465200002400002b00002543002686"
"1101-2532001417";"22465200002400002b00002543003056"
"1101-2532001288";"22465200002400002b00002535000195"
"1101-2543000452";"22465200002400002b00002543002564"
"1101-2532000805";"22465200002400002b00002535000677"
"1101-2537002102";"22465200002400002b00002543002596"
"1101-2532000184";"22465200002400002b00002535001746"
"1101-2537002300";"22465200002400002b00002543002791"
"1101-2537001975";"22465200002400002b00002543003060"
"1101-2532001092";"22465200002400002b00002535000038"
"1101-2537001926";"22465200002400002b00002543002814"
"1101-2537001920";"22465200002400002b00002543002953"
"1101-2537002029";"22465200002400002b00002543002448"
"1101-2537002070";"22465200002400002b00002543002776"
"1101-2532000787";"22465200002400002b00002543003057"
"1101-2537001978";"22465200002400002b00002543002900"
"1101-2537002182";"22465200002400002b00002535000672"
"1101-2537002143";"22465200002400002b00002535001693"
"1101-2543000142";"22465200002400002b00002543002852"
"1101-2543000560";"22465200002400002b00002543002478"
"1101-2543000678";"22465200002400002b00002543002685"
"1101-2532000282";"22465200002400002b00002543002986"
"1101-2537002316";"22465200002400002b00002535000911"
"1101-2532001270";"22465200002400002b00002535001877"
"1101-2506000487";"22465200002400002b00002535002246"
"1101-2537002186";"22465200002400002b00002543002357"
"1101-2537001986";"22465200002400002b00002535002260"
"1101-2532000369";"22465200002400002b00002535001075"
"1101-2543000773";"22465200002400002b00002543002936"
"1101-2537002066";"22465200002400002b00002543002662"
"1101-2537002059";"22465200002400002b00002543002837"
"1101-2532000385";"22465200002400002b00002535000583"
"1101-2537002024";"22465200002400002b00002543002749"
"1101-2537002018";"22465200002400002b00002543002411"
"1101-2537001994";"22465200002400002b00002543002948"
"1101-2537001802";"22465200002400002b00002543002794"
"1101-2537001921";"22465200002400002b00002543002406"
"1101-2537002091";"22465200002400002b00002543002414"
"1101-2537001830";"22465200002400002b00002543002796"
"1101-2537001803";"22465200002400002b00002543002501"
"1101-2537002129";"22465200002400002b00002543002798"
"1101-2537002092";"22465200002400002b00002543002799"
"1101-2532001281";"22465200002400002b00002543002412"
"1101-2537001835";"22465200002400002b00002543002868"
"1101-2537002178";"22465200002400002b00002535000109"
"1101-2537001857";"22465200002400002b00002535000221"
"1101-2537002052";"22465200002400002b00002543002938"
"1101-2537002090";"22465200002400002b00002535000749"
"1101-2537002295";"22465200002400002b00002535002109"
"1101-2537001968";"22465200002400002b00002535002115"
"1101-2537002222";"22465200002400002b00002535000853"
"1101-2537001933";"22465200002400002b00002535001230"
"1101-2537002219";"22465200002400002b00002535001395"
"1101-2537001844";"22465200002400002b00002535002117"
"1101-2537001998";"22465200002400002b00002535001234"
"1101-2537001863";"22465200002400002b00002535000750"
"1101-2543000356";"22465200002400002b00002543002827"
"1101-2537002045";"22465200002400002b00002535000226"
"1101-2537001804";"22465200002400002b00002535000100"
"1101-2532001216";"22465200002400002b00002535001823"
"1101-2532000329";"22465200002400002b00002535001804"
"1101-2537002176";"22465200002400002b00002545003220"
"1101-2543000603";"22465200002400002b00002543002990"
"1101-2532000487";"22465200002400002b00002543002546"
"1101-2532001422";"22465200002400002b00002543002695"
"1101-2549000159";"22465200002400002b00002543002353"
"1101-2537002241";"22465200002400002b00002543002613"
"1101-2543000592";"22465200002400002b00002543002760"
"1101-2537002280";"22465200002400002b00002535000825"
"1101-2537001836";"22465200002400002b00002535002205"
"1101-2537002078";"22465200002400002b00002535001690"
"1101-2532000178";"22465200002400002b00002535001546"
"1101-2537002320";"22465200002400002b00002535001965"
"1001-2538000689";"22465200002400002b00002543002738"
"1101-2537001956";"22465200002400002b00002535001912"
"1001-2538000604";"22465200002400002b00002543002722"
"1101-2537002115";"22465200002400002b00002535002152"
"1101-2537001966";"22465200002400002b00002543002496"
"1101-2543000166";"22465200002400002b00002543002517"
"1101-2537001820";"22465200002400002b00002543002741"
"1101-2537002067";"22465200002400002b00002543002485"
"1101-2537002198";"22465200002400002b00002543002991"
"1101-2537002049";"22465200002400002b00002535000103"
"1101-2537001983";"22465200002400002b00002535000277"
"1101-2543000206";"22465200002400002b00002543002916"
"1101-2537002079";"22465200002400002b00002543002615"
"1101-2537001855";"22465200002400002b00002543002518"
"1101-2537002086";"22465200002400002b00002543002655"
"1101-2543000212";"22465200002400002b00002543002383"
"1101-2537002317";"22465200002400002b00002535000821"
"1101-2532000277";"22465200002400002b00002535001162"
"1101-2543000068";"22465200002400002b00002543002438"
"1101-2537002074";"22465200002400002b00002535002199"
"1101-2537001943";"22465200002400002b00002545003243"
"1101-2537002367";"22465200002400002b00002545003210"
"1101-2543000618";"22465200002400002b00002543002923"
"1101-2543000711";"22465200002400002b00002543002381"
"1101-2537001931";"22465200002400002b00002545003328"
"1101-2543000695";"22465200002400002b00002545003284"
"1101-2537002159";"22465200002400002b00002545003277"
"1101-2537002314";"22465200002400002b00002545003246"
"1101-2537002161";"22465200002400002b00002545003231"
"1101-2532000601";"22465200002400002b00002545003393"
"1101-2537002292";"22465200002400002b00002545003254"
"1101-2532000628";"22465200002400002b00002543002750"
"1101-2532001089";"22465200002400002b00002545003216"
"1101-2537001952";"22465200002400002b00002545003185"
"1101-2532000653";"22465200002400002b00002543002907"
"1101-2537002278";"22465200002400002b00002543002554"
"1101-2532000605";"22465200002400002b00002543002557"
"1101-2537002373";"22465200002400002b00002543002802"
"1101-2532001017";"22465200002400002b00002543002530"
"1101-2532001589";"22465200002400002b00002543002975"
"1101-2537002042";"22465200002400002b00002545003298"
"1101-2537001937";"22465200002400002b00002545003189"
"1101-2537002140";"22465200002400002b00002545003208"
"1101-2537002285";"22465200002400002b00002543002653"
"1101-2537002109";"22465200002400002b00002543003023"
"1101-2537001941";"22465200002400002b00002543002593"
"1101-2537001936";"22465200002400002b00002543002958"
"1101-2537002211";"22465200002400002b00002543002525"
"1101-2537002104";"22465200002400002b00002543002527"
"1101-2543000283";"22465200002400002b00002543002420"
"1101-2625000145";"22465200002400002b00002625001760"
"1101-2537002007";"22465200002400002b00002535001398"
"1101-2537002269";"22465200002400002b00002543003019"
"1101-2537002073";"22465200002400002b00002545003244"
"1101-2532001523";"22465200002400002b00002545003252"
"1101-2532001285";"22465200002400002b00002535001358"
"1101-2532000728";"22465200002400002b00002535001928"
"1101-2532000348";"22465200002400002b00002535001672"
"1101-2532001414";"22465200002400002b00002535001539"
"1101-2532000308";"22465200002400002b00002535001581"
"1101-2537002354";"22465200002400002b00002535001345"
"1101-2537002048";"22465200002400002b00002535000055"
"1101-2537002331";"22465200002400002b00002535000631"
"1101-2537001852";"22465200002400002b00002535001496"
"1101-2537002056";"22465200002400002b00002535000904"
"1101-2537002249";"22465200002400002b00002535001752"
"1101-2537002271";"22465200002400002b00002535000174"
"1101-2537002303";"22465200002400002b00002535000541"
"1101-2532001438";"22465200002400002b00002535000228"
"1101-2537002283";"22465200002400002b00002535000182"
"1101-2532000496";"22465200002400002b00002535000764"
"1101-2532001396";"22465200002400002b00002535000059"
"1101-2537002358";"22465200002400002b00002535000063"
"1101-2537002242";"22465200002400002b00002535000184"
"1101-2532001395";"22465200002400002b00002535002101"
"1101-2537001942";"22465200002400002b00002535002146"
"1101-2543000378";"22465200002400002b00002535001053"
"1101-2543000397";"22465200002400002b00002543002467"
"1101-2537002352";"22465200002400002b00002543002431"
"1101-2543000122";"22465200002400002b00002543002713"
"1101-2532000840";"22465200002400002b00002543003064"
"1101-2543000424";"22465200002400002b00002543002569"
"1101-2532001378";"22465200002400002b00002543002800"
"1101-2532000863";"22465200002400002b00002543002390"
"1101-2543000373";"22465200002400002b00002543002437"
"1101-2543000644";"22465200002400002b00002543003070"
"1101-2537001915";"22465200002400002b00002543002658"
"1101-2537002250";"22465200002400002b00002535001492"
"1101-2543000636";"22465200002400002b00002543002404"
"1101-2543000607";"22465200002400002b00002543003081"
"1101-2543000347";"22465200002400002b00002543003080"
"1101-2537002139";"22465200002400002b00002535000754"
"1101-2537002125";"22465200002400002b00002543002803"
"1101-2537002293";"22465200002400002b00002535002151"
"1101-2537002126";"22465200002400002b00002543002888"
"1101-2543000487";"22465200002400002b00002543002623"
"1101-2543000167";"22465200002400002b00002545003446"
"1101-2546000061";"22465200002400002b00002545003230"
"1101-2543000657";"22465200002400002b00002535000060"
"1101-2543000110";"22465200002400002b00002543002913"
"1101-2543000609";"22465200002400002b00002543002648"
"1101-2524000832";"22465200002400002b00002625001060"
"1101-2532001195";"22465200002400002b00002545003233"
"1101-2625000758";"22465200002400002b00002535001275"
"1101-2537002157";"22465200002400002b00002535000841"
"1101-2524001211";"22465200002400002b00002543002671"
"1101-2625000195";"22465200002400002b00002535000257"
"1101-2543000129";"22465200002400002b00002543002632"
"1101-2543000455";"22465200002400002b00002543002572"
"1101-2543000357";"22465200002400002b00002543002999"
"1101-2543000615";"22465200002400002b00002535002026"
"1101-2543000203";"22465200002400002b00002543002563"
"1101-2543000295";"22465200002400002b00002543002819"
"1101-2543000255";"22465200002400002b00002543002510"
"1101-2546000042";"22465200002400002b00002543003075"
"1101-2543000299";"22465200002400002b00002543002641"
"1101-2543000425";"22465200002400002b00002543002810"
"1101-2543000098";"22465200002400002b00002543002555"
"1101-2532001054";"22465200002400002b00002535000860"
"1101-2543000772";"22465200002400002b00002543002537"
"1101-2537002009";"22465200002400002b00002535002241"
"1101-2543000121";"22465200002400002b00002543002590"
"1101-2532000456";"22465200002400002b00002535001314"
"1101-2625000672";"22465200002400002b00002543002528"
"1101-2532001608";"22465200002400002b00002535000138"
"1101-2537002127";"22465200002400002b00002543002886"
"1101-2543000072";"22465200002400002b00002545003316"
"1101-2537002027";"22465200002400002b00002543002663"
"1101-2543000509";"22465200002400002b00002543002706"
"1101-2543000171";"22465200002400002b00002543002804"
"1101-2543000201";"22465200002400002b00002543002489"
"1101-2532001263";"22465200002400002b00002535001605"
"1101-2543000310";"22465200002400002b00002543002463"
"1101-2543000565";"22465200002400002b00002545003188"
"1101-2532000807";"22465200002400002b00002543002736"
"1101-2532001157";"22465200002400002b00002543002393"
"1101-2543000468";"22465200002400002b00002543002575"
"1101-2543000436";"22465200002400002b00002545003239"
"1101-2543000608";"22465200002400002b00002545003400"
"1101-2543000092";"22465200002400002b00002535002003"
"1101-2543000266";"22465200002400002b00002545003430"
"1101-2543000490";"22465200002400002b00002545003198"
"1101-2532000818";"22465200002400002b00002535001167"
"1101-2532001286";"22465200002400002b00002535000123"
"1101-2532001470";"22465200002400002b00002535000932"
"1101-2532000230";"22465200002400002b00002535001514"
"1101-2532001498";"22465200002400002b00002543003052"
"1101-2532001681";"22465200002400002b00002535001765"
"1101-2543000303";"22465200002400002b00002543002618"
"1101-2532000973";"22465200002400002b00002535000287"
"1101-2543000614";"22465200002400002b00002543002838"
"1101-2532001610";"22465200002400002b00002535000607"
"1101-2537002214";"22465200002400002b00002543002519"
"1101-2532000353";"22465200002400002b00002535000161"
"1101-2543000740";"22465200002400002b00002543002910"
"1101-2532001432";"22465200002400002b00002543002558"
"1101-2543000504";"22465200002400002b00002543002599"
"1101-2543000380";"22465200002400002b00002545003305"
"1101-2543000497";"22465200002400002b00002545003222"
"1101-2543000617";"22465200002400002b00002545003261"
"1101-2546000053";"22465200002400002b00002545003283"
"1101-2543000096";"22465200002400002b00002535001998"
"1101-2543000430";"22465200002400002b00002545003228"
"1101-2546000080";"22465200002400002b00002545003310"
"1101-2543000706";"22465200002400002b00002545003386"
"1101-2543000611";"22465200002400002b00002545003301"
"1101-2537002133";"22465200002400002b00002543003053"
"1101-2532001632";"22465200002400002b00002535001294"
"1101-2546000036";"22465200002400002b00002535002000"
"1101-2543000770";"22465200002400002b00002545003234"
"1101-2543000336";"22465200002400002b00002545003209"
"1101-2543000745";"22465200002400002b00002545003275"
"1101-2543000316";"22465200002400002b00002545003364"
"1101-2543000241";"22465200002400002b00002545003320"
"1101-2543000173";"22465200002400002b00002545003355"
"1101-2543000628";"22465200002400002b00002545003288"
"1101-2543000184";"22465200002400002b00002545003190"
"1101-2543000413";"22465200002400002b00002535002006"
"1101-2543000690";"22465200002400002b00002545003259"
"1101-2543000240";"22465200002400002b00002545003312"
"1101-2543000704";"22465200002400002b00002545003319"
"1101-2543000099";"22465200002400002b00002543002477"
"1101-2543000366";"22465200002400002b00002543002442"
"1101-2543000655";"22465200002400002b00002535001365"
"1101-2543000107";"22465200002400002b00002535002004"
"1101-2543000216";"22465200002400002b00002545003278"
"1101-2543000060";"22465200002400002b00002545003325"
"1101-2547000022";"22465200002400002b00002545003207"
"1101-2543000226";"22465200002400002b00002545003203"
"1101-2543000103";"22465200002400002b00002545003443"
"1101-2547000026";"22465200002400002b00002545003436"
"1101-2543000402";"22465200002400002b00002535001382"
"1101-2543000069";"22465200002400002b00002545003389"
"1101-2543000065";"22465200002400002b00002535000506"
"1101-2546000076";"22465200002400002b00002545003232"
"1101-2547000027";"22465200002400002b00002545003180"
"1101-2543000238";"22465200002400002b00002545003371"
"1101-2546000032";"22465200002400002b00002545003238"
"1101-2546000056";"22465200002400002b00002545003221"
"1101-2543000758";"22465200002400002b00002543002834"
"1101-2547000031";"22465200002400002b00002545003412"
"1101-2543000627";"22465200002400002b00002545003223"
"1101-2532001266";"22465200002400002b00002535000064"
"1101-2543000274";"22465200002400002b00002543002846"
"1101-2543000673";"22465200002400002b00002543002433"
"1101-2532000613";"22465200002400002b00002543002673"
"1101-2543000276";"22465200002400002b00002543002925"
"1101-2625000381";"22465200002400002b00002535002200"
"1101-2625000710";"22465200002400002b00002535000191"
"1101-2543000279";"22465200002400002b00002543002747"
"1101-2537001845";"22465200002400002b00002543002598"
"1101-2524001241";"22465200002400002b00002545003397"
"1101-2543000666";"22465200002400002b00002543003024"
"1101-2543000623";"22465200002400002b00002543002469"
"1101-2543000530";"22465200002400002b00002543002848"
"1101-2543000629";"22465200002400002b00002543002608"
"1101-2543000160";"22465200002400002b00002543002698"
"1101-2543000225";"22465200002400002b00002543002387"
"1101-2543000100";"22465200002400002b00002543002972"
"1101-2543000228";"22465200002400002b00002543002392"
"1101-2543000239";"22465200002400002b00002543002400"
"1101-2543000338";"22465200002400002b00002543002845"
"1101-2532000617";"22465200002400002b00002543002409"
"1101-2543000084";"22465200002400002b00002543002591"
"1101-2543000248";"22465200002400002b00002545003214"
"1101-2543000207";"22465200002400002b00002543002386"
"1101-2546000022";"22465200002400002b00002543002946"
"1101-2546000064";"22465200002400002b00002543002394"
"1101-2546000046";"22465200002400002b00002545003224"
"1101-2537002061";"22465200002400002b00002543002957"
"1101-2543000401";"22465200002400002b00002545003255"
"1101-2543000640";"22465200002400002b00002545003410"
"1101-2543000511";"22465200002400002b00002545003292"
"1101-2537002040";"22465200002400002b00002543002840"
"1101-2547020054";"22465200002400002b00002545003330"
"1101-2546000102";"22465200002400002b00002545003176"
"1101-2543000370";"22465200002400002b00002545003192"
"1101-2547020048";"22465200002400002b00002545003205"
"1101-2532000524";"22465200002400002b00002545003294"
"1101-2543000461";"22465200002400002b00002545003384"
"1101-2537002348";"22465200002400002b00002543002660"
"1101-2543000590";"22465200002400002b00002543002426"
"1101-2543000444";"22465200002400002b00002543003059"
"1101-2543000691";"22465200002400002b00002545003306"
"1101-2546000006";"22465200002400002b00002543002413"
"1101-2543000218";"22465200002400002b00002545003250"
"1101-2546000038";"22465200002400002b00002543002423"
"1101-2546000049";"22465200002400002b00002545003300"
"1101-2543000512";"22465200002400002b00002545003272"
"1101-2546000092";"22465200002400002b00002545003260"
"1101-2546000077";"22465200002400002b00002545003414"
"1101-2537002162";"22465200002400002b00002535000622"
"1101-2546000083";"22465200002400002b00002546003738"
"1101-2532001229";"22465200002400002b00002535000102"
"1101-2532000313";"22465200002400002b00002535001748"
"1101-2543000324";"22465200002400002b00002546003568"
"1101-2532000296";"22465200002400002b00002535001755"
"1101-2546000040";"22465200002400002b00002546003597"
"1101-2524000433";"22465200002400002b00002535000366"
"1101-2537001919";"22465200002400002b00002535001401"
"1101-2546000099";"22465200002400002b00002545003217"
"1101-2546000007";"22465200002400002b00002543002947"
"1101-2543000094";"22465200002400002b00002543002813"
"1101-2543000118";"22465200002400002b00002543002643"
"1101-2546000069";"22465200002400002b00002543002952"
"1101-2532001150";"22465200002400002b00002535001730"
"1101-2546000034";"22465200002400002b00002546003539"
"1101-2548000332";"22465200002400002b00002545003303"
"1101-2532001685";"22465200002400002b00002535002155"
"1101-2543000081";"22465200002400002b00002545003333"
"1101-2537002041";"22465200002400002b00002535000526"
"1101-2543000732";"22465200002400002b00002543002926"
"1101-2543000696";"22465200002400002b00002545003406"
"1101-2543000359";"22465200002400002b00002546003595"
"1101-2532001341";"22465200002400002b00002535001714"
"1101-2548000213";"22465200002400002b00002546003641"
"1101-2546000014";"22465200002400002b00002546003747"
"1101-2548000236";"22465200002400002b00002545003396"
"1101-2548000364";"22465200002400002b00002546003664"
"1101-2546000100";"22465200002400002b00002543002533"
"1101-2547000025";"22465200002400002b00002545003376"
"1101-2546000012";"22465200002400002b00002545003379"
"1101-2546000060";"22465200002400002b00002543002398"
"1101-2543000542";"22465200002400002b00002545003211"
"1101-2543000205";"22465200002400002b00002545003200"
"1101-2546000058";"22465200002400002b00002545003175"
"1101-2543000117";"22465200002400002b00002543002877"
"1101-2543000651";"22465200002400002b00002545003338"
"1101-2524001449";"22465200002400002b00002535000521"
"1101-2532000615";"22465200002400002b00002535001336"
"1101-2537002216";"22465200002400002b00002535001689"
"1101-2548000231";"22465200002400002b00002545003453"
"1101-2546000082";"22465200002400002b00002546003593"
"1101-2543000541";"22465200002400002b00002546003770"
"1101-2546000045";"22465200002400002b00002546003634"
"1101-2532000196";"22465200002400002b00002535001680"
"1101-2547000020";"22465200002400002b00002545003429"
"1101-2546000101";"22465200002400002b00002546003527"
"1101-2524001018";"22465200002400002b00002535000054"
"1101-2546000091";"22465200002400002b00002546003734"
"1101-2532000590";"22465200002400002b00002535000908"
"1101-2543000345";"22465200002400002b00002543002627"
"1101-2547020295";"22465200002400002b00002546003619"
"1101-2547000011";"22465200002400002b00002546003512"
"1101-2547000017";"22465200002400002b00002546003733"
"1101-2547000013";"22465200002400002b00002546003712"
"1101-2543000567";"22465200002400002b00002546003517"
"1101-2547020282";"22465200002400002b00002546003633"
"1101-2547020251";"22465200002400002b00002545003351"
"1101-2547020286";"22465200002400002b00002543003039"
"1101-2547020252";"22465200002400002b00002543002922"
"1101-2547020263";"22465200002400002b00002546003667"
"1101-2547020254";"22465200002400002b00002546003536"
"1101-2547020055";"22465200002400002b00002546003624"
"1101-2532001328";"22465200002400002b00002535000152"
"1101-2532000436";"22465200002400002b00002535001801"
"1101-2547000028";"22465200002400002b00002546003720"
"1101-2543000113";"22465200002400002b00002546003721"
"1101-2546000005";"22465200002400002b00002546003731"
"1101-2547000016";"22465200002400002b00002546003513"
"1101-2543000414";"22465200002400002b00002545003226"
"1101-2547000012";"22465200002400002b00002545003204"
"1101-2532001127";"22465200002400002b00002535001367"
"1101-2547020022";"22465200002400002b00002546003600"
"1101-2547020009";"22465200002400002b00002545003470"
"1101-2547020258";"22465200002400002b00002545003456"
"1101-2547020245";"22465200002400002b00002546003535"
"1101-2532000465";"22465200002400002b00002535000141"
"1101-2547020042";"22465200002400002b00002546003627"
"1101-2547020283";"22465200002400002b00002545003343"
"1101-2548000355";"22465200002400002b00002535001388"
"1101-2548000394";"22465200002400002b00002546003523"
"1101-2547020046";"22465200002400002b00002546003709"
"1101-2548000286";"22465200002400002b00002545003476"
"1101-2548000350";"22465200002400002b00002546003753"
"1101-2547020236";"22465200002400002b00002546003610"
"1101-2548000303";"22465200002400002b00002546003748"
"1101-2547020027";"22465200002400002b00002546003553"
"1101-2543000250";"22465200002400002b00002546003580"
"1101-2548000302";"22465200002400002b00002546003671"
"1101-2547020171";"22465200002400002b00002546003578"
"1101-2543000583";"22465200002400002b00002543002902"
"1101-2547020173";"22465200002400002b00002546003702"
"1101-2548000186";"22465200002400002b00002545003350"
"1101-2548000304";"22465200002400002b00002546003737"
"1101-2547020152";"22465200002400002b00002546003699"
"1101-2547020040";"22465200002400002b00002546003606"
"1101-2537002374";"22465200002400002b00002543002541"
"1101-2543000264";"22465200002400002b00002543002540"
"1101-2625000939";"22465200002400002b00002535000176"
"1101-2532001170";"22465200002400002b00002535000244"
"1101-2543000267";"22465200002400002b00002543002930"
"1101-2548000384";"22465200002400002b00002546003562"
"1101-2532000712";"22465200002400002b00002543002867"
"1101-2547020177";"22465200002400002b00002546003605"
"1101-2532001400";"22465200002400002b00002535000587"
"1101-2532001672";"22465200002400002b00002543003086"
"1101-2532000410";"22465200002400002b00002543002560"
"1101-2532000284";"22465200002400002b00002543003000"
"1101-2543000698";"22465200002400002b00002545003394"
"1101-2532000526";"22465200002400002b00002535001438"
"1101-2532001430";"22465200002400002b00002543002875"
"1101-2548000223";"22465200002400002b00002549004394"
"1101-2548000262";"22465200002400002b00002549004501"
"1101-2547020212";"22465200002400002b00002549004244"
"1101-2548000187";"22465200002400002b00002549004262"
"1101-2548000172";"22465200002400002b00002549004472"
"1101-2548000181";"22465200002400002b00002549004251"
"1101-2548000391";"22465200002400002b00002549004509"
"1101-2547020247";"22465200002400002b00002549004228"
"1101-2543000340";"22465200002400002b00002543003005"
"1101-2548000163";"22465200002400002b00002549004307"
"1101-2548000215";"22465200002400002b00002549004469"
"1101-2548000469";"22465200002400002b00002546003604"
"1101-2547020219";"22465200002400002b00002545003344"
"1101-2548000294";"22465200002400002b00002545003466"
"1101-2547020244";"22465200002400002b00002549004451"
"1101-2548000275";"22465200002400002b00002546003575"
"1101-2548000300";"22465200002400002b00002546003693"
"1101-2547020248";"22465200002400002b00002546003642"
"1101-2547020291";"22465200002400002b00002546003524"
"1101-2547020047";"22465200002400002b00002549004529"
"1101-2547020017";"22465200002400002b00002549004202"
"1101-2547020281";"22465200002400002b00002549004542"
"1101-2547020255";"22465200002400002b00002549004446"
"1101-2543000432";"22465200002400002b00002549004290"
"1101-2547020038";"22465200002400002b00002549004477"
"1101-2547020240";"22465200002400002b00002549004534"
"1101-2547020039";"22465200002400002b00002549004454"
"1101-2547020031";"22465200002400002b00002549004372"
"1101-2547020153";"22465200002400002b00002549004179"
"1101-2547020253";"22465200002400002b00002549004404"
"1101-2547020175";"22465200002400002b00002549004278"
"1101-2547020007";"22465200002400002b00002549004405"
"1101-2547020168";"22465200002400002b00002549004208"
"1101-2547020292";"22465200002400002b00002549004215"
"1101-2547020024";"22465200002400002b00002549004440"
"1101-2548000175";"22465200002400002b00002546003540"
"1101-2547020239";"22465200002400002b00002546003563"
"1101-2547020162";"22465200002400002b00002549004553"
"1101-2547020160";"22465200002400002b00002549004371"
"1101-2547020289";"22465200002400002b00002545003487"
"1101-2547020157";"22465200002400002b00002549004189"
"1101-2548000319";"22465200002400002b00002546003629"
"1101-2547020228";"22465200002400002b00002549004376"
"1101-2547020166";"22465200002400002b00002549004289"
"1101-2548000298";"22465200002400002b00002546003598"
"1101-2547020198";"22465200002400002b00002549004517"
"1101-2548000369";"22465200002400002b00002545003474"
"1101-2547020165";"22465200002400002b00002549004259"
"1101-2547020015";"22465200002400002b00002549004184"
"1101-2532000570";"22465200002400002b00002535001524"
"1101-2548000241";"22465200002400002b00002549004474"
"1101-2543000249";"22465200002400002b00002549004532"
"1101-2548000264";"22465200002400002b00002549004445"
"1101-2548000427";"22465200002400002b00002549004317"
"1101-2547020223";"22465200002400002b00002549004439"
"1101-2548000441";"22465200002400002b00002549004522"
"1101-2548000447";"22465200002400002b00002549004386"
"1101-2548000402";"22465200002400002b00002549004416"
"1101-2548000404";"22465200002400002b00002549004491"
"1101-2548000349";"22465200002400002b00002549004304"
"1101-2548000403";"22465200002400002b00002549004318"
"1101-2548000354";"22465200002400002b00002546003701"
"1101-2548000164";"22465200002400002b00002549004319"
"1101-2548000224";"22465200002400002b00002549004373"
"1101-2548000500";"22465200002400002b00002549004311"
"1101-2532001155";"22465200002400002b00002535000707"
"1101-2548000183";"22465200002400002b00002549004385"
"1101-2548000351";"22465200002400002b00002549004555"
"1101-2548000395";"22465200002400002b00002546003644"
"1101-2548000291";"22465200002400002b00002545003352"
"1101-2548000229";"22465200002400002b00002549004494"
"1101-2548000174";"22465200002400002b00002549004428"
"1101-2547020284";"22465200002400002b00002549004420"
"1101-2548000245";"22465200002400002b00002549004363"
"1101-2547020037";"22465200002400002b00002549004224"
"1101-2547020043";"22465200002400002b00002549004536"
"1101-2548000308";"22465200002400002b00002549004242"
"1101-2547020032";"22465200002400002b00002549004456"
"1101-2548000475";"22465200002400002b00002549004367"
"1101-2548000460";"22465200002400002b00002549004432"
"1101-2548000188";"22465200002400002b00002549004435"
"1101-2548000407";"22465200002400002b00002549004409"
"1101-2548000272";"22465200002400002b00002549004379"
"1101-2548000133";"22465200002400002b00002549004255"
"1101-2548000289";"22465200002400002b00002549004250"
"1101-2548000335";"22465200002400002b00002549004431"
"1101-2548000434";"22465200002400002b00002549004453"
"1101-2548000248";"22465200002400002b00002549004401"
"1101-2547020159";"22465200002400002b00002549004543"
"1101-2547020226";"22465200002400002b00002549004282"
"1101-2547020167";"22465200002400002b00002549004295"
"1101-2548000111";"22465200002400002b00002549004312"
"1101-2547020221";"22465200002400002b00002549004406"
"1101-2547020197";"22465200002400002b00002549004411"
"1101-2547000014";"22465200002400002b00002549004429"
"1101-2547020029";"22465200002400002b00002549004257"
"1101-2547020306";"22465200002400002b00002549004185"
"1101-2625000521";"22465200002400002b00002625001907"
"1101-2547020203";"22465200002400002b00002549004499"
"1101-2547020161";"22465200002400002b00002549004341"
"1101-2548000214";"22465200002400002b00002549004506"
"1101-2537002340";"22465200002400002b00002535001835"
"1101-2532000349";"22465200002400002b00002535000796"
"1101-2543000506";"22465200002400002b00002545003357"
"1101-2524000384";"22465200002400002b00002549004504"
"1101-2548000382";"22465200002400002b00002549004527"
"1101-2548000171";"22465200002400002b00002549004512"
"1101-2546000089";"22465200002400002b00002543003044"
"1101-2532001450";"22465200002400002b00002543002860"
"1101-2548000120";"22465200002400002b00002549004370"
"1101-2548000271";"22465200002400002b00002549004535"
"1101-2548000305";"22465200002400002b00002549004476"
"1101-2548000148";"22465200002400002b00002549004444"
"1101-2548000157";"22465200002400002b00002549004375"
"1101-2548000360";"22465200002400002b00002549004348"
"1101-2548000254";"22465200002400002b00002549004378"
"1101-2548000228";"22465200002400002b00002549004515"
"1101-2548000457";"22465200002400002b00002549004438"
"1101-2548000301";"22465200002400002b00002549004245"
"1101-2548000235";"22465200002400002b00002549004239"
"1101-2548000306";"22465200002400002b00002549004493"
"1101-2548000373";"22465200002400002b00002549004296"
"1101-2548000144";"22465200002400002b00002549004374"
"1101-2548000153";"22465200002400002b00002549004235"
"1101-2548000318";"22465200002400002b00002549004247"
"1101-2548000155";"22465200002400002b00002549004238"
"1101-2548000150";"22465200002400002b00002549004243"
"1101-2548000167";"22465200002400002b00002549004508"
"1001-2538000543";"22465200002400002b00002545003349"
"1101-2548000252";"22465200002400002b00002549004365"
"1101-2548000344";"22465200002400002b00002549004309"
"1101-2548000257";"22465200002400002b00002549004360"
"1101-2548000277";"22465200002400002b00002549004237"
"1101-2548000227";"22465200002400002b00002549004305"
"1101-2548000234";"22465200002400002b00002549004308"
"1101-2532001125";"22465200002400002b00002535001512"
"1101-2543000254";"22465200002400002b00002543002839"
"1001-2538000531";"22465200002400002b00002546003585"
"1001-2538000534";"22465200002400002b00002546003689"
"1101-2625000569";"22465200002400002b00002625001225"
"1001-2538000503";"22465200002400002b00002546003586"
"1101-2546000047";"22465200002400002b00002545003194"
"1101-2543000079";"22465200002400002b00002545003411"
"1101-2546000096";"22465200002400002b00002535000505"
"1101-2546000068";"22465200002400002b00002545003245"
"1101-2546000030";"22465200002400002b00002545003444"
"1101-2543000195";"22465200002400002b00002545003317"
"1101-2548020008";"22465200002400002b00002546003617"
"1101-2625000376";"22465200002400002b00002535000094"
"1101-2548020018";"22465200002400002b00002549004227"
"1101-2548000430";"22465200002400002b00002549004425"
"1101-2547020205";"22465200002400002b00002546003697"
"1101-2546000008";"22465200002400002b00002545003229"
"1101-2532000739";"22465200002400002b00002535000069"
"1101-2537002232";"22465200002400002b00002543002944"
"1101-2549000430";"22465200002400002b00002549004521"
"1101-2543000232";"22465200002400002b00002543002903"
"1101-2543000559";"22465200002400002b00002545003375"
"1101-2543000185";"22465200002400002b00002545003403"
"1101-2543000083";"22465200002400002b00002545003408"
"1101-2543000354";"22465200002400002b00002545003304"
"1101-2543000257";"22465200002400002b00002545003361"
"1101-2543000080";"22465200002400002b00002545003339"
"1101-2625000204";"22465200002400002b00002625001287"
"1101-2532000406";"22465200002400002b00002543002883"
"1101-2543000715";"22465200002400002b00002543002775"
"1101-2543000261";"22465200002400002b00002545003296"
"1101-2547020147";"22465200002400002b00002545003459"
"1101-2546000010";"22465200002400002b00002545003391"
"1101-2543000220";"22465200002400002b00002545003236"
"1101-2532000909";"22465200002400002b00002535000663"
"1101-2543000093";"22465200002400002b00002535000407"
"1101-2548000320";"22465200002400002b00002546003622"
"1101-2537001972";"22465200002400002b00002535001894"
"1101-2543000551";"22465200002400002b00002545003329"
"1101-2543000253";"22465200002400002b00002546003649"
"1101-2543000685";"22465200002400002b00002543002379"
"1101-2548020010";"22465200002400002b00002546003662"
"1101-2543000214";"22465200002400002b00002545003289"
"1101-2548000387";"22465200002400002b00002546003665"
"1101-2547020209";"22465200002400002b00002546003528"
"1101-2548000396";"22465200002400002b00002546003588"
"1101-2548000259";"22465200002400002b00002546003592"
"1101-2543000450";"22465200002400002b00002545003225"
"1101-2532001404";"22465200002400002b00002535001659"
"1101-2532000305";"22465200002400002b00002535000239"
"1101-2625000917";"22465200002400002b00002625001644"
"1101-2548000429";"22465200002400002b00002549004533"
"1001-2538000257";"22465200002400002b00002535002005"
"1101-2548000462";"22465200002400002b00002546003681"
"1101-2547020277";"22465200002400002b00002549004382"
"1101-2548020009";"22465200002400002b00002549004511"
"1101-2548000399";"22465200002400002b00002549004358"
"1101-2548020011";"22465200002400002b00002549004337"
"1101-2548000440";"22465200002400002b00002549004347"
"1101-2548000425";"22465200002400002b00002549004207"
"1101-2548000444";"22465200002400002b00002546003683"
"1101-2548000468";"22465200002400002b00002549004421"
"1101-2548000337";"22465200002400002b00002549004556"
"1101-2549000434";"22465200002400002b00002546003519"
"1101-2548000486";"22465200002400002b00002549004248"
"1101-2548020012";"22465200002400002b00002549004206"
"1101-2548000216";"22465200002400002b00002549004192"
"1101-2522000990";"22465200002400002b00002546003530"
"1101-2548000501";"22465200002400002b00002549004498"
"1101-2548000326";"22465200002400002b00002549004400"
"1101-2532001593";"22465200002400002b00002535001342"
"1101-2548000448";"22465200002400002b00002546003692"
"1101-2532001522";"22465200002400002b00002543002604"
"1101-2548000345";"22465200002400002b00002545003480"
"1101-2532000611";"22465200002400002b00002543002445"
"1101-2549000151";"22465200002400002b00002549004389"
"1101-2548020004";"22465200002400002b00002549004544"
"1101-2549000160";"22465200002400002b00002549004496"
"1101-2547020146";"22465200002400002b00002549004340"
"1101-2543000346";"22465200002400002b00002543003012"
"1101-2548000488";"22465200002400002b00002549004281"
"1101-2548000504";"22465200002400002b00002546003728"
"1101-2543000314";"22465200002400002b00002543002628"
"1101-2548000442";"22465200002400002b00002546003570"
"1101-2548000422";"22465200002400002b00002546003648"
"1101-2537002019";"22465200002400002b00002543002890"
"1101-2543000753";"22465200002400002b00002543002850"
"1101-2625001022";"22465200002400002b00002625001218"
"1101-2532001437";"22465200002400002b00002543002742"
"1101-2543000458";"22465200002400002b00002543002781"
"1101-2532000893";"22465200002400002b00002535000298"
"1101-2532001639";"22465200002400002b00002535001808"
"1101-2543000361";"22465200002400002b00002543002497"
"1101-2543000133";"22465200002400002b00002543002949"
"1101-2546000018";"22465200002400002b00002543002550"
"1101-2543000054";"22465200002400002b00002543002777"
"1101-2543000451";"22465200002400002b00002543002672"
"1101-2549000059";"22465200002400002b00002546003594"
"1101-2543000421";"22465200002400002b00002543002595"
"1101-2548000135";"22465200002400002b00002549004301"
"1101-2548000263";"22465200002400002b00002535000615"
"1101-2532001069";"22465200002400002b00002543002611"
"1101-2547020220";"22465200002400002b00002535000547"
"1101-2547020204";"22465200002400002b00002535001989"
"1101-2547020225";"22465200002400002b00002535000448"
"1101-2549000412";"22465200002400002b00002545003342"
"1101-2532000688";"22465200002400002b00002535000859"
"1101-2532001024";"22465200002400002b00002535001919"
"1101-2543000053";"22465200002400002b00002543002893"
"1101-2546000051";"22465200002400002b00002549004426"
"1101-2548000192";"22465200002400002b00002535001767"
"1001-2538000517";"22465200002400002b00002546003704"
"1001-2538000577";"22465200002400002b00002546003682"
"1001-2538000514";"22465200002400002b00002546003558"
"1101-2537002309";"22465200002400002b00002549004419"
"1101-2548000368";"22465200002400002b00002545003315"
"1101-2543000422";"22465200002400002b00002546003646"
"1101-2548000218";"22465200002400002b00002535001768"
"1101-2543000222";"22465200002400002b00002543003003"
"1101-2548000253";"22465200002400002b00002535001796"
"1101-2549000378";"22465200002400002b00002549004387"
"1101-2548020017";"22465200002400002b00002549004211"
"1101-2549000405";"22465200002400002b00002549004284"
"1101-2549000156";"22465200002400002b00002549004291"
"1101-2548000173";"22465200002400002b00002549004505"
"1101-2532000938";"22465200002400002b00002535000803"
"1101-2548000154";"22465200002400002b00002546003763"
"1101-2547020199";"22465200002400002b00002545003348"
"1101-2548000338";"22465200002400002b00002549004500"
"1101-2549000433";"22465200002400002b00002549004279"
"1101-2547020202";"22465200002400002b00002535000437"
"1101-2543000606";"22465200002400002b00002543002523"
"1101-2532001062";"22465200002400002b00002543002396"
"1101-2547020230";"22465200002400002b00002546003561"
"1101-2547020224";"22465200002400002b00002545003485"
"1101-2547020151";"22465200002400002b00002546003760"
"1101-2548000276";"22465200002400002b00002545003422"
"1101-2547020229";"22465200002400002b00002546003730"
"1101-2551000654";"22465200002400002b00002535000626"
"1101-2543000499";"22465200002400002b00002546003645"
"1101-2549000082";"22465200002400002b00002549004322"
"1101-2549000021";"22465200002400002b00002549004487"
"1101-2543000548";"22465200002400002b00002549004199"
"1101-2549000103";"22465200002400002b00002549004480"
"1101-2549000095";"22465200002400002b00002549004412"
"1101-2549000111";"22465200002400002b00002549004321"
"1101-2549000097";"22465200002400002b00002549004218"
"1101-2549000085";"22465200002400002b00002549004297"
"1101-2549000513";"22465200002400002b00002549004437"
"1101-2532001119";"22465200002400002b00002535001909"
"1101-2549000502";"22465200002400002b00002549004216"
"1101-2549000492";"22465200002400002b00002549004339"
"1101-2549000504";"22465200002400002b00002549004531"
"1101-2549000112";"22465200002400002b00002549004352"
"1101-2543000626";"22465200002400002b00002543002678"
"1101-2543000532";"22465200002400002b00002543002727"
"1101-2549000370";"22465200002400002b00002549004357"
"1001-2538000835";"22465200002400002b00002546003669"
"1101-2547020206";"22465200002400002b00002546003660"
"1101-2548000162";"22465200002400002b00002545003472"
"1101-2537002138";"22465200002400002b00002543002440"
"1101-2537002136";"22465200002400002b00002543002367"
"1101-2543000086";"22465200002400002b00002543002617"
"1101-2543000668";"22465200002400002b00002543002364"
"1101-2532000780";"22465200002400002b00002549004287"
"1101-2532001449";"22465200002400002b00002535002185"
"1101-2543000529";"22465200002400002b00002543002468"
"1001-2538000401";"22465200002400002b00002546003680"
"1001-2538000095";"22465200002400002b00002546003652"
"1001-2538000535";"22465200002400002b00002546003715"
"1001-2538000616";"22465200002400002b00002546003599"
"1101-2532000964";"22465200002400002b00002543003076"
"1101-2546000024";"22465200002400002b00002546003584"
"1101-2532000362";"22465200002400002b00002543002665"
"1101-2543000109";"22465200002400002b00002543003087"
"1101-2532000815";"22465200002400002b00002543002756"
"1101-2549000554";"22465200002400002b00002549004408"
"1101-2548000170";"22465200002400002b00002546003630"
"1101-2532000773";"22465200002400002b00002535002261"
"1101-2532001258";"22465200002400002b00002543002992"
"1101-2537002224";"22465200002400002b00002543002858"
"1101-2537002016";"22465200002400002b00002535000591"
"1101-2537001867";"22465200002400002b00002535001973"
"1101-2543000125";"22465200002400002b00002543002417"
"1101-2537002258";"22465200002400002b00002549004349"
"1101-2532000898";"22465200002400002b00002535000623"
"1101-2537002359";"22465200002400002b00002535002121"
"1101-2546000013";"22465200002400002b00002545003366"
"1101-2532001500";"22465200002400002b00002535001743"
"1101-2537002113";"22465200002400002b00002535000540"
"1101-2532001703";"22465200002400002b00002625001274"
"1101-2532000304";"22465200002400002b00002535000352"
"1101-2537002168";"22465200002400002b00002535001793"
"1101-2549000026";"22465200002400002b00002551004732"
"1101-2532000599";"22465200002400002b00002535001673"
"1101-2543000411";"22465200002400002b00002546003577"
"1101-2532001006";"22465200002400002b00002535001303"
"1101-2537002286";"22465200002400002b00002535000577"
"1101-2537002376";"22465200002400002b00002535000031"
"1101-2537002248";"22465200002400002b00002535001192"
"1101-2537001945";"22465200002400002b00002535001350"
"1101-2537002033";"22465200002400002b00002535001545"
"1101-2537002017";"22465200002400002b00002535001736"
"1101-2537002372";"22465200002400002b00002535001197"
"1101-2537002247";"22465200002400002b00002535000920"
"1101-2532000777";"22465200002400002b00002535001810"
"1101-2532000359";"22465200002400002b00002535001833"
"1101-2543000726";"22465200002400002b00002535000432"
"1101-2532000989";"22465200002400002b00002535001343"
"1101-2537002191";"22465200002400002b00002535000125"
"1101-2543000601";"22465200002400002b00002545003183"
"1101-2537001872";"22465200002400002b00002535002034"
"1101-2543000262";"22465200002400002b00002543002460"
"1101-2532000932";"22465200002400002b00002625001463"
"1101-2532001077";"22465200002400002b00002625001350"
"1101-2549000076";"22465200002400002b00002551004642"
"1101-2543000132";"22465200002400002b00002549004264"
"1101-2551000080";"22465200002400002b00002551004858"
"1101-2549000723";"22465200002400002b00002551004717"
"1101-2549000646";"22465200002400002b00002551004879"
"1101-2625000452";"22465200002400002b00002546003532"
"1101-2549000518";"22465200002400002b00002551004658"
"1101-2548000472";"22465200002400002b00002551004780"
"1101-2549000081";"22465200002400002b00002551004605"
"1101-2548000398";"22465200002400002b00002551004577"
"1101-2548020006";"22465200002400002b00002551004816"
"1101-2548020016";"22465200002400002b00002551004611"
"1101-2548000405";"22465200002400002b00002551004670"
"1101-2532001600";"22465200002400002b00002535000586"
"1101-2548000492";"22465200002400002b00002549004236"
"1101-2532000894";"22465200002400002b00002535002064"
"1101-2506000169";"22465200002400002b00002535001921"
"1101-2532001306";"22465200002400002b00002535001604"
"1101-2532000503";"22465200002400002b00002535000150"
"1101-2532001504";"22465200002400002b00002535001189"
"1101-2532001446";"22465200002400002b00002535001891"
"1101-2532000530";"22465200002400002b00002535002149"
"1101-2549000711";"22465200002400002b00002551004705"
"1101-2532000378";"22465200002400002b00002625001811"
"1101-2537001821";"22465200002400002b00002543002720"
"1101-2547020201";"22465200002400002b00002551004757"
"1101-2549000037";"22465200002400002b00002545003322"
"1101-2549000414";"22465200002400002b00002549004303"
"1101-2548000220";"22465200002400002b00002549004492"
"1101-2549000566";"22465200002400002b00002551004758"
"1101-2532000817";"22465200002400002b00002535000197"
"1101-2537001871";"22465200002400002b00002535000588"
"1101-2506000397";"22465200002400002b00002535002163"
"1101-2532000608";"22465200002400002b00002535000605"
"1101-2549000662";"22465200002400002b00002551004928"
"1101-2524001462";"22465200002400002b00002535001369"
"1101-2549000482";"22465200002400002b00002549004503"
"1101-2548000316";"22465200002400002b00002545003438"
"1101-2537002357";"22465200002400002b00002535001985"
"1101-2548000465";"22465200002400002b00002549004350"
"1101-2537002050";"22465200002400002b00002535001948"
"1101-2549000710";"22465200002400002b00002551004713"
"1101-2548000121";"22465200002400002b00002546003525"
"1101-2549000587";"22465200002400002b00002551004930"
"1101-2549000044";"22465200002400002b00002551004904"
"1101-2537001908";"22465200002400002b00002535001828"
"1101-2549000499";"22465200002400002b00002551004826"
"1101-2549000516";"22465200002400002b00002602005085"
"1101-2537002038";"22465200002400002b00002535002254"
"1101-2537001922";"22465200002400002b00002543002358"
"1101-2549000126";"22465200002400002b00002551004823"
"1101-2549000641";"22465200002400002b00002551004988"
"1101-2548000116";"22465200002400002b00002551005046"
"1101-2549000072";"22465200002400002b00002551004796"
"1101-2549000092";"22465200002400002b00002551004678"
"1101-2620100027";"22465200002400002b00002551004596"
"1101-2549000525";"22465200002400002b00002551004666"
"1101-2549000124";"22465200002400002b00002551004920"
"1101-2549000523";"22465200002400002b00002551004665"
"1101-2549000489";"22465200002400002b00002602005119"
"1101-2548000454";"22465200002400002b00002551004833"
"1101-2548000459";"22465200002400002b00002602005655"
"1101-2549000090";"22465200002400002b00002602005129"
"1101-2549000054";"22465200002400002b00002551004932"
"1101-2549000029";"22465200002400002b00002549004478"
"1101-2532000334";"22465200002400002b00002535000798"
"1101-2532000297";"22465200002400002b00002535000327"
"1101-2543000095";"22465200002400002b00002551004622"
"1101-2549000670";"22465200002400002b00002551005032"
"1101-2549000444";"22465200002400002b00002549004191"
"1101-2543000341";"22465200002400002b00002543002869"
"1101-2551000040";"22465200002400002b00002602005714"
"1101-2551000091";"22465200002400002b00002602005682"
"1101-2549000592";"22465200002400002b00002551004860"
"1101-2548000426";"22465200002400002b00002546003691"
"1101-2549000521";"22465200002400002b00002551004633"
"1101-2549000476";"22465200002400002b00002549004200"
"1101-2625000647";"22465200002400002b00002551005031"
"1101-2549000591";"22465200002400002b00002551004929"
"1101-2532000394";"22465200002400002b00002543002861"
"1101-2548000226";"22465200002400002b00002551004660"
"1101-2549000613";"22465200002400002b00002551004730"
"1101-2549000505";"22465200002400002b00002551004733"
"1101-2547020246";"22465200002400002b00002551004964"
"1101-2548000114";"22465200002400002b00002602005118"
"1101-2551000605";"22465200002400002b00002602005084"
"1101-2543000209";"22465200002400002b00002545003354"
"1101-2532001440";"22465200002400002b00002549004201"
"1101-2549000375";"22465200002400002b00002602005701"
"1101-2537002274";"22465200002400002b00002551004734"
"1101-2537001809";"22465200002400002b00002602005110"
"1101-2549000610";"22465200002400002b00002551004613"
"1101-2551000602";"22465200002400002b00002551004937"
"1101-2537001817";"22465200002400002b00002551005047"
"1101-2537002119";"22465200002400002b00002551004966"
"1101-2524000866";"22465200002400002b00002551004745"
"1101-2537001823";"22465200002400002b00002551004697"
"1101-2548000191";"22465200002400002b00002551005020"
"1101-2625001049";"22465200002400002b00002625001334"
"1001-2538000791";"22465200002400002b00002551005045"
"1101-2625000641";"22465200002400002b00002551005035"
"1101-2532000781";"22465200002400002b00002543002450"
"1101-2548000400";"22465200002400002b00002551004852"
"1101-2532000416";"22465200002400002b00002551004747"
"1101-2524000869";"22465200002400002b00002551005036"
"1101-2549000178";"22465200002400002b00002551004853"
"1101-2549000526";"22465200002400002b00002551004997"
"1101-2537002281";"22465200002400002b00002543003065"
"1101-2543000236";"22465200002400002b00002543002765"
"1101-2543000536";"22465200002400002b00002543002753"
"1101-2537001856";"22465200002400002b00002543002580"
"1101-2537001903";"22465200002400002b00002543002661"
"1101-2548000359";"22465200002400002b00002546003613"
"1001-2605000285";"22465200002400002b00002551004725"
"1101-2548000321";"22465200002400002b00002545003419"
"1101-2549000537";"22465200002400002b00002551004653"
"1101-2549000020";"22465200002400002b00002551004862"
"1101-2548000324";"22465200002400002b00002546003555"
"1101-2551000465";"22465200002400002b00002602005642"
"1101-2551000435";"22465200002400002b00002602005650"
"1101-2551000050";"22465200002400002b00002602005493"
"1101-2548000169";"22465200002400002b00002546003657"
"1101-2548020024";"22465200002400002b00002543002876"
"1101-2549000093";"22465200002400002b00002549004293"
"1101-2548000160";"22465200002400002b00002551004856"
"1101-2548000194";"22465200002400002b00002546003602"
"1101-2549000609";"22465200002400002b00002551004729"
"1101-2625000187";"22465200002400002b00002625000926"
"1101-2549000402";"22465200002400002b00002546003547"
"1101-2543000652";"22465200002400002b00002543002644"
"1101-2549000705";"22465200002400002b00002551004704"
"1101-2551000742";"22465200002400002b00002551004903"
"1101-2543000525";"22465200002400002b00002543002681"
"1101-2625000961";"22465200002400002b00002625001496"
"1101-2549000667";"22465200002400002b00002551004568"
"1101-2625000643";"22465200002400002b00002551004851"
"1101-2537001810";"22465200002400002b00002551004739"
"1101-2625000610";"22465200002400002b00002625001231"
"1101-2537001816";"22465200002400002b00002602005137"
"1101-2537002310";"22465200002400002b00002535000935"
"1001-2550000475";"22465200002400002b00002551004712"
"1101-2548000152";"22465200002400002b00002551004817"
"1101-2537002179";"22465200002400002b00002535000090"
"1101-2549000393";"22465200002400002b00002602005099"
"1101-2549000380";"22465200002400002b00002602005745"
"1101-2549000381";"22465200002400002b00002602005673"
"1101-2549000399";"22465200002400002b00002551004893"
"1101-2549000385";"22465200002400002b00002602005572"
"1101-2549000483";"22465200002400002b00002545003416"
"1101-2537002349";"22465200002400002b00002543002692"
"1101-2532000254";"22465200002400002b00002551005065"
"1101-2543000431";"22465200002400002b00002543002491"
"1101-2532000828";"22465200002400002b00002535001318"
"1101-2547020233";"22465200002400002b00002546003607"
"1001-2538000527";"22465200002400002b00002551004677"
"1101-2549000644";"22465200002400002b00002551004640"
"1101-2551000092";"22465200002400002b00002602005534"
"1101-2548000484";"22465200002400002b00002546003761"
"1101-2549000028";"22465200002400002b00002549004359"
"1101-2551000411";"22465200002400002b00002602005810"
"1101-2551000029";"22465200002400002b00002602005503"
"1101-2551000413";"22465200002400002b00002602005798"
"1001-2538000662";"22465200002400002b00002551004775"
"1101-2549000074";"22465200002400002b00002551004762"
"1101-2548000411";"22465200002400002b00002546003703"
"1101-2548000421";"22465200002400002b00002546003590"
"1101-2548000438";"22465200002400002b00002545003475"
"1101-2549000578";"22465200002400002b00002551004905"
"1101-2551000409";"22465200002400002b00002602005491"
"1101-2549000467";"22465200002400002b00002551004770"
"1101-2549000481";"22465200002400002b00002551004756"
"1101-2537002371";"22465200002400002b00002535001193"
"1101-2543000385";"22465200002400002b00002551004691"
"1101-2551000790";"22465200002400002b00002602005551"
"1101-2551000751";"22465200002400002b00002602005602"
"1101-2551000752";"22465200002400002b00002602005509"
"1101-2551000817";"22465200002400002b00002602005700"
"1101-2548000461";"22465200002400002b00002551004749"
"1101-2548020023";"22465200002400002b00002551005062"
"1101-2548020020";"22465200002400002b00002551004942"
"1101-2548000474";"22465200002400002b00002551005048"
"1101-2548000471";"22465200002400002b00002551004926"
"1101-2548020022";"22465200002400002b00002602005106"
"1101-2604000567";"22465200002400002b00002602005098"
"1101-2548000203";"22465200002400002b00002551004952"
"1101-2548020104";"22465200002400002b00002551004940"
"1101-2549000170";"22465200002400002b00002602005739"
"1101-2548000211";"22465200002400002b00002602005143"
"1101-2625000545";"22465200002400002b00002545003327"
"1101-2549000154";"22465200002400002b00002549004516"
"1101-2549000621";"22465200002400002b00002551004782"
"1101-2548000497";"22465200002400002b00002549004354"
"1101-2548000159";"22465200002400002b00002546003764"
"1101-2537002020";"22465200002400002b00002535001969"
"1101-2549000643";"22465200002400002b00002551004650"
"1101-2549000618";"22465200002400002b00002551004641"
"1101-2532000345";"22465200002400002b00002535000520"
"1101-2549000570";"22465200002400002b00002551004820"
"1101-2532000760";"22465200002400002b00002535001497"
"1101-2532001543";"22465200002400002b00002535001916"
"1101-2549000681";"22465200002400002b00002551005006"
"1101-2549000062";"22465200002400002b00002551004672"
"1101-2537002308";"22465200002400002b00002543002836"
"1101-2543000196";"22465200002400002b00002543002960"
"1101-2548000367";"22465200002400002b00002546003546"
"1001-2550000483";"22465200002400002b00002551004681"
"1101-2537001837";"22465200002400002b00002543002691"
"1101-2532000768";"22465200002400002b00002535001957"
"1101-2548000331";"22465200002400002b00002546003559"
"1101-2548000221";"22465200002400002b00002551004841"
"1101-2548000177";"22465200002400002b00002602005139"
"1101-2551000445";"22465200002400002b00002602005486"
"1101-2548000209";"22465200002400002b00002551004967"
"1101-2548000260";"22465200002400002b00002551005042"
"1101-2548000193";"22465200002400002b00002551004791"
"1101-2548000490";"22465200002400002b00002551004583"
"1101-2548000195";"22465200002400002b00002551004695"
"1101-2548000189";"22465200002400002b00002551004587"
"1101-2548000258";"22465200002400002b00002551004849"
"1101-2548000142";"22465200002400002b00002602005116"
"1101-2548000237";"22465200002400002b00002551004810"
"1101-2551000077";"22465200002400002b00002551004771"
"1101-2548000176";"22465200002400002b00002602005113"
"1101-2548000255";"22465200002400002b00002551004696"
"1101-2548000225";"22465200002400002b00002602005101"
"1101-2537002318";"22465200002400002b00002535001327"
"1101-2548000265";"22465200002400002b00002551004586"
"1101-2532000563";"22465200002400002b00002535000843"
"1101-2532000303";"22465200002400002b00002535000344"
"1101-2551000450";"22465200002400002b00002602005790"
"1101-2551000089";"22465200002400002b00002602005799"
"1101-2551000057";"22465200002400002b00002602005498"
"1101-2551000415";"22465200002400002b00002551004969"
"1101-2551000748";"22465200002400002b00002551004976"
"1101-2549000423";"22465200002400002b00002551004878"
"1101-2549000398";"22465200002400002b00002602005774"
"1101-2551000789";"22465200002400002b00002602005508"
"1101-2549000400";"22465200002400002b00002551005014"
"1101-2532001104";"22465200002400002b00002625001004"
"1101-2532000663";"22465200002400002b00002535001929"
"1101-2532000239";"22465200002400002b00002535000849"
"1101-2537001800";"22465200002400002b00002551004643"
"1101-2551000447";"22465200002400002b00002602005087"
"1101-2537002084";"22465200002400002b00002535001516"
"1101-2537002037";"22465200002400002b00002543002526"
"1101-2532001568";"22465200002400002b00002549004326"
"1101-2532001136";"22465200002400002b00002535000684"
"1101-2549000470";"22465200002400002b00002551004970"
"1101-2551000444";"22465200002400002b00002602005781"
"1101-2549000690";"22465200002400002b00002602005120"
"1101-2549000368";"22465200002400002b00002549004212"
"1101-2551000722";"22465200002400002b00002602005094"
"1101-2549000396";"22465200002400002b00002549004220"
"1101-2548000386";"22465200002400002b00002549004368"
"1101-2532001603";"22465200002400002b00002535000610"
"1101-2532001213";"22465200002400002b00002535000533"
"1101-2548020005";"22465200002400002b00002551004938"
"1101-2537002346";"22465200002400002b00002543002892"
"1101-2551000102";"22465200002400002b00002602005817"
"1101-2532001026";"22465200002400002b00002535000543"
"1101-2532000573";"22465200002400002b00002535002009"
"1101-2537002013";"22465200002400002b00002535002156"
"1101-2532000895";"22465200002400002b00002535002036"
"1101-2549000024";"22465200002400002b00002551004751"
"1101-2551000472";"22465200002400002b00002551004703"
"1101-2537002261";"22465200002400002b00002535000804"
"1101-2551000687";"22465200002400002b00002604006264"
"1101-2551000036";"22465200002400002b00002602005770"
"1101-2551000067";"22465200002400002b00002602005753"
"1101-2548000450";"22465200002400002b00002551004845"
"1101-2549000462";"22465200002400002b00002549004316"
"1101-2548000502";"22465200002400002b00002549004495"
"1101-2549000441";"22465200002400002b00002545003434"
"1101-2549000411";"22465200002400002b00002551004595"
"1101-2551000421";"22465200002400002b00002602005784"
"1101-2537002227";"22465200002400002b00002543002816"
"1101-2548000353";"22465200002400002b00002549004427"
"1101-2537002322";"22465200002400002b00002543003022"
"1101-2551000439";"22465200002400002b00002602005686"
"1101-2551000503";"22465200002400002b00002602005818"
"1101-2551000674";"22465200002400002b00002604006222"
"1101-2537002164";"22465200002400002b00002535001739"
"1101-2551000109";"22465200002400002b00002602005646"
"1101-2551000566";"22465200002400002b00002604006411"
"1101-2551000676";"22465200002400002b00002604006183"
"1101-2551000492";"22465200002400002b00002551004777"
"1101-2551000659";"22465200002400002b00002602005523"
"1101-2551000670";"22465200002400002b00002604006230"
"1101-2551000635";"22465200002400002b00002604006198"
"1101-2551000773";"22465200002400002b00002604006195"
"1101-2551000502";"22465200002400002b00002604006260"
"1101-2543000701";"22465200002400002b00002543002429"
"1101-2547020018";"22465200002400002b00002549004355"
"1101-2551000509";"22465200002400002b00002602005722"
"1101-2551000495";"22465200002400002b00002604006300"
"1101-2543000403";"22465200002400002b00002551004800"
"1101-2549000145";"22465200002400002b00002549004362"
"1101-2543000604";"22465200002400002b00002546003750"
"1101-2537002201";"22465200002400002b00002535001352"
"1101-2548000314";"22465200002400002b00002545003372"
"1101-2537002181";"22465200002400002b00002546003713"
"1101-2543000730";"22465200002400002b00002543002403"
"1101-2543000190";"22465200002400002b00002543002475"
"1101-2532000425";"22465200002400002b00002535002191"
"1101-2537002101";"22465200002400002b00002535001756"
"1101-2543000271";"22465200002400002b00002543002797"
"1101-2532000731";"22465200002400002b00002535002007"
"1101-2551000070";"22465200002400002b00002551004965"
"1101-2549000146";"22465200002400002b00002602005760"
"1101-2551000090";"22465200002400002b00002602005599"
"1101-2543000126";"22465200002400002b00002543002826"
"1101-2549000418";"22465200002400002b00002602005751"
"1101-2532001601";"22465200002400002b00002535001967"
"1101-2625000642";"22465200002400002b00002551004951"
"1101-2537002039";"22465200002400002b00002543002844"
"1101-2549000387";"22465200002400002b00002602005518"
"1101-2625001132";"22465200002400002b00002543002425"
"1101-2543000073";"22465200002400002b00002543002432"
"1101-2532001469";"22465200002400002b00002535001443"
"1101-2532001407";"22465200002400002b00002535000168"
"1101-2551000706";"22465200002400002b00002602005604"
"1101-2543000197";"22465200002400002b00002545003268"
"1101-2543000296";"22465200002400002b00002545003402"
"1101-2543000088";"22465200002400002b00002545003370"
"1101-2549000452";"22465200002400002b00002602005645"
"1101-2549000487";"22465200002400002b00002602005545"
"1101-2551000646";"22465200002400002b00002604006185"
"1101-2551000690";"22465200002400002b00002604006217"
"1101-2551000065";"22465200002400002b00002602005756"
"1101-2551000715";"22465200002400002b00002604006178"
"1101-2551000683";"22465200002400002b00002549004254"
"1101-2549000568";"22465200002400002b00002551004648"
"1101-2549000699";"22465200002400002b00002551004887"
"1101-2551000712";"22465200002400002b00002604006190"
"1101-2543000750";"22465200002400002b00002543002488"
"1101-2551000693";"22465200002400002b00002604006200"
"1101-2625000441";"22465200002400002b00002625000975"
"1101-2551000402";"22465200002400002b00002602005563"
"1101-2537002021";"22465200002400002b00002535001763"
"1101-2551000713";"22465200002400002b00002604006336"
"1101-2551000774";"22465200002400002b00002535000158"
"1101-2551000717";"22465200002400002b00002604006229"
"1001-2550000373";"22465200002400002b00002602005565"
"1101-2543000165";"22465200002400002b00002543002842"
"1101-2548000414";"22465200002400002b00002546003623"
"1101-2548000282";"22465200002400002b00002545003451"
"1101-2551000042";"22465200002400002b00002602005761"
"1101-2551000606";"22465200002400002b00002602005115"
"1101-2551000607";"22465200002400002b00002551004736"
"1101-2551000593";"22465200002400002b00002551004699"
"1101-2532000252";"22465200002400002b00002535001323"
"1101-2551000425";"22465200002400002b00002602005677"
"1101-2543000269";"22465200002400002b00002535001533"
"1101-2551000446";"22465200002400002b00002551005077"
"1101-2551000764";"22465200002400002b00002602005495"
"1101-2543000484";"22465200002400002b00002543002870"
"1101-2548000115";"22465200002400002b00002551004767"
"1101-2546000052";"22465200002400002b00002546003716"
"1101-2543000722";"22465200002400002b00002543002933"
"1101-2543000489";"22465200002400002b00002602005524"
"1101-2551000233";"22465200002400002b00002607006491"
"1101-2551000710";"22465200002400002b00002604006439"
"1101-2551000718";"22465200002400002b00002604006337"
"1101-2551000253";"22465200002400002b00002607007093"
"1101-2551000196";"22465200002400002b00002607006511"
"1101-2532000444";"22465200002400002b00002535002255"
"1101-2551000512";"22465200002400002b00002604006434"
"1101-2551000707";"22465200002400002b00002604006281"
"1101-2551000506";"22465200002400002b00002604006278"
"1101-2551000689";"22465200002400002b00002604006440"
"1101-2551000223";"22465200002400002b00002607006657"
"1101-2551000259";"22465200002400002b00002607006494"
"1101-2551000720";"22465200002400002b00002604006302"
"1101-2551000701";"22465200002400002b00002604006338"
"1101-2551000377";"22465200002400002b00002607006893"
"1101-2532000997";"22465200002400002b00002535000665"
"1101-2543000180";"22465200002400002b00002543002455"
"1101-2551000704";"22465200002400002b00002604006193"
"1101-2551000228";"22465200002400002b00002607006656"
"1101-2551000231";"22465200002400002b00002607006785"
"1101-2551000711";"22465200002400002b00002604006288"
"1101-2551000215";"22465200002400002b00002607006970"
"1101-2551000694";"22465200002400002b00002604006403"
"1101-2548000197";"22465200002400002b00002549004538"
"1101-2551000257";"22465200002400002b00002607006492"
"1101-2551000716";"22465200002400002b00002604006432"
"1101-2532000216";"22465200002400002b00002535002248"
"1101-2551000384";"22465200002400002b00002607006967"
"1101-2532000867";"22465200002400002b00002535001745"
"1101-2551000684";"22465200002400002b00002602005577"
"1101-2551000514";"22465200002400002b00002607006776"
"1101-2551000539";"22465200002400002b00002607006937"
"1101-2551000521";"22465200002400002b00002607006638"
"1101-2551000558";"22465200002400002b00002607006925"
"1101-2537002254";"22465200002400002b00002535000367"
"1101-2551000202";"22465200002400002b00002607007081"
"1101-2551000520";"22465200002400002b00002607006918"
"1101-2551000515";"22465200002400002b00002607006612"
"1101-2551000517";"22465200002400002b00002607006864"
"1001-2538000306";"22465200002400002b00002551004766"
"1101-2551000652";"22465200002400002b00002607006602"
"1101-2604906257";"22465200002400002b00002604006458"
"1101-2604906215";"22465200002400002b00002604006341"
"1101-2604906217";"22465200002400002b00002604006451"
"1101-2604906216";"22465200002400002b00002604006427"
"1101-2604906226";"22465200002400002b00002604006184"
"1101-2604906260";"22465200002400002b00002604006465"
"1101-2604906263";"22465200002400002b00002604006276"
"1101-2604906252";"22465200002400002b00002604006385"
"1101-2551000770";"22465200002400002b00002602005505"
"1101-2549000596";"22465200002400002b00002551004651"
"1101-2548000482";"22465200002400002b00002549004353"
"1101-2551000106";"22465200002400002b00002551004829"
"1101-2551000781";"22465200002400002b00002604006395"
"1101-2551000487";"22465200002400002b00002607006774"
"1101-2551000661";"22465200002400002b00002607007069"
"1101-2551000648";"22465200002400002b00002607006765"
"1101-2551000580";"22465200002400002b00002607006769"
"1101-2551000500";"22465200002400002b00002607006974"
"1101-2551000563";"22465200002400002b00002607007006"
"1101-2613100630";"22465200002400002b00002607006986"
"1101-2551000524";"22465200002400002b00002607006618"
"1101-2547000021";"22465200002400002b00002602005134"
"1101-2551000681";"22465200002400002b00002607006904"
"1101-2551000505";"22465200002400002b00002607006520"
"1101-2551000584";"22465200002400002b00002535000897"
"1101-2522000911";"22465200002400002b00002551004839"
"1101-2551000623";"22465200002400002b00002604006456"
"1101-2543000176";"22465200002400002b00002545003377"
"1101-2551000264";"22465200002400002b00002602005690"
"1101-2551000666";"22465200002400002b00002549004390"
"1101-2551000148";"22465200002400002b00002607006758"
"1101-2524001242";"22465200002400002b00002607006490"
"1101-2548000413";"22465200002400002b00002549004551"
"1101-2532000839";"22465200002400002b00002535000674"
"1101-2551000221";"22465200002400002b00002551004892"
"1101-2549000509";"22465200002400002b00002549004263"
"1101-2532001682";"22465200002400002b00002535000852"
"1101-2604906256";"22465200002400002b00002604006414"
"1101-2548000156";"22465200002400002b00002546003640"
"1101-2548000274";"22465200002400002b00002546003549"
"1101-2543000577";"22465200002400002b00002543002807"
"1101-2543000087";"22465200002400002b00002543002932"
"1101-2537001822";"22465200002400002b00002543002956"
"1101-2524001503";"22465200002400002b00002545003287"
"1101-2549000147";"22465200002400002b00002551004769"
"1101-2551000185";"22465200002400002b00002607006578"
"1101-2551000766";"22465200002400002b00002602005707"
"1001-2550000394";"22465200002400002b00002551004924"
"1101-2549000049";"22465200002400002b00002551004727"
"1101-2532000933";"22465200002400002b00002535000901"
"1101-2548000327";"22465200002400002b00002546003534"
"1001-2538000326";"22465200002400002b00002551004626"
"1101-2551000069";"22465200002400002b00002602005750"
"1101-2551000633";"22465200002400002b00002604006266"
"1101-2549000401";"22465200002400002b00002551005041"
"1101-2551000675";"22465200002400002b00002607006693"
"1101-2551000378";"22465200002400002b00002551005073"
"1101-2551000466";"22465200002400002b00002602005102"
"1101-2551000468";"22465200002400002b00002551005066"
"1101-2551000066";"22465200002400002b00002551004971"
"1101-2551000643";"22465200002400002b00002549004423"
"1101-2552000001";"22465200002400002b00002607006479"
"1101-2551000195";"22465200002400002b00002551004700"
"1101-2549000406";"22465200002400002b00002549004523"
"1101-2551000193";"22465200002400002b00002602005841"
"1101-2532001461";"22465200002400002b00002535000515"
"1101-2604000426";"22465200002400002b00002602005725"
"1101-2604000527";"22465200002400002b00002602005852"
"1101-2532000711";"22465200002400002b00002551004968"
"1101-2551000055";"22465200002400002b00002602005089"
"1101-2551000209";"22465200002400002b00002604006431"
"1101-2551000649";"22465200002400002b00002602005519"
"1101-2604906239";"22465200002400002b00002602005580"
"1101-2604000533";"22465200002400002b00002602005870"
"1101-2604906231";"22465200002400002b00002602005856"
"1101-2604906247";"22465200002400002b00002604006289"
"1101-2551000182";"22465200002400002b00002607006562"
"1101-2532000287";"22465200002400002b00002535001355"
"1101-2549000068";"22465200002400002b00002551004844"
"1101-2543000697";"22465200002400002b00002543002680"
"1101-2604000499";"22465200002400002b00002551004846"
"1101-2551000173";"22465200002400002b00002607006946"
"1101-2543000137";"22465200002400002b00002543002380"
"1101-2551000149";"22465200002400002b00002607006927"
"1101-2551000525";"22465200002400002b00002607006541"
"1101-2551000376";"22465200002400002b00002607006607"
"1101-2551000804";"22465200002400002b00002602005636"
"1101-2537001981";"22465200002400002b00002543002912"
"1101-2506000840";"22465200002400002b00002535001795"
"1101-2551000522";"22465200002400002b00002607006588"
"1101-2549000469";"22465200002400002b00002549004280"
"1101-2551000191";"22465200002400002b00002551005000"
"1101-2549000043";"22465200002400002b00002549004413"
"1101-2543000672";"22465200002400002b00002543002818"
"1101-2537002010";"22465200002400002b00002535001876"
"1101-2551000546";"22465200002400002b00002607007052"
"1101-2551000656";"22465200002400002b00002602005853"
"1101-2625001160";"22465200002400002b00002602005862"
"1101-2551000617";"22465200002400002b00002607006875"
"1101-2551000184";"22465200002400002b00002607006684"
"1101-2551000576";"22465200002400002b00002607006580"
"1101-2549000721";"22465200002400002b00002602005660"
"1101-2537002043";"22465200002400002b00002543002605"
"1101-2551000600";"22465200002400002b00002607006508"
"1101-2551000597";"22465200002400002b00002607007222"
"1101-2551000159";"22465200002400002b00002607007061"
"1101-2549000622";"22465200002400002b00002607006862"
"1101-2551000186";"22465200002400002b00002607006973"
"1101-2551000164";"22465200002400002b00002607006519"
"1101-2551000591";"22465200002400002b00002607007084"
"1101-2551000614";"22465200002400002b00002607007026"
"1101-2551000611";"22465200002400002b00002607007091"
"1101-2551000627";"22465200002400002b00002607006861"
"1101-2625000590";"22465200002400002b00002625000911"
"1101-2551000519";"22465200002400002b00002602005775"
"1101-2537002185";"22465200002400002b00002535001163"
"1101-2551000732";"22465200002400002b00002602005736"
"1101-2551000760";"22465200002400002b00002602005607"
"1101-2537002111";"22465200002400002b00002543002882"
"1101-2537002082";"22465200002400002b00002546003725"
"1101-2543000771";"22465200002400002b00002546003612"
"1101-2551000637";"22465200002400002b00002551004866"
"1101-2537002174";"22465200002400002b00002535000751"
"1101-2543000377";"22465200002400002b00002546003531"
"1101-2549000700";"22465200002400002b00002551004716"
"1101-2532000383";"22465200002400002b00002535000671"
"1101-2551000561";"22465200002400002b00002602005678"
"1101-2551000197";"22465200002400002b00002602005142"
"1101-2537002270";"22465200002400002b00002535001970"
"1101-2549000551";"22465200002400002b00002551004581"
"1101-2549000556";"22465200002400002b00002602005144"
"1101-2537001985";"22465200002400002b00002535000658"
"1101-2537001873";"22465200002400002b00002535001523"
"1101-2543000423";"22465200002400002b00002545003193"
"1101-2549000682";"22465200002400002b00002551004728"
"1101-2551000385";"22465200002400002b00002607006882"
"1101-2532001015";"22465200002400002b00002535002033"
"1101-2551000126";"22465200002400002b00002602005533"
"1101-2549000404";"22465200002400002b00002602005105"
"1101-2551000581";"22465200002400002b00002602005502"
"1101-2551000171";"22465200002400002b00002602005778"
"1101-2551000145";"22465200002400002b00002551005074"
"1101-2532001028";"22465200002400002b00002535000507"
"1101-2604000535";"22465200002400002b00002607007079"
"1101-2549000061";"22465200002400002b00002551004721"
"1101-2549000550";"22465200002400002b00002602005141"
"1101-2548000467";"22465200002400002b00002549004338"
"1101-2551000192";"22465200002400002b00002602005114"
"1101-2537002167";"22465200002400002b00002535001956"
"1101-2551000644";"22465200002400002b00002607006762"
"1101-2551000628";"22465200002400002b00002607007252"
"1101-2604000384";"22465200002400002b00002607006913"
"1101-2604906207";"22465200002400002b00002607006883"
"1101-2543000555";"22465200002400002b00002545003401"
"1101-2604906248";"22465200002400002b00002604006340"
"1101-2551000650";"22465200002400002b00002602005747"
"1101-2549000650";"22465200002400002b00002551004662"
"1101-2543000493";"22465200002400002b00002546003635"
"1101-2604000620";"22465200002400002b00002607006980"
"1101-2604906204";"22465200002400002b00002607006933"
"1101-2604906253";"22465200002400002b00002607006577"
"1101-2604906214";"22465200002400002b00002607006572"
"1101-2604906228";"22465200002400002b00002607006551"
"1101-2604906245";"22465200002400002b00002607006994"
"1101-2551000622";"22465200002400002b00002607006524"
"1101-2543000420";"22465200002400002b00002546003625"
"1101-2543000289";"22465200002400002b00002543002503"
"1101-2549000392";"22465200002400002b00002549004240"
"1101-2548000270";"22465200002400002b00002607006892"
"1101-2551000392";"22465200002400002b00002607006604"
"1101-2551000232";"22465200002400002b00002607006637"
"1101-2551000653";"22465200002400002b00002607006643"
"1101-2551000210";"22465200002400002b00002607006652"
"1101-2551000163";"22465200002400002b00002607006703"
"1101-2551000225";"22465200002400002b00002607007098"
"1101-2551000160";"22465200002400002b00002607006484"
"1101-2551000401";"22465200002400002b00002607006714"
"1101-2551000147";"22465200002400002b00002607007090"
"1101-2551000258";"22465200002400002b00002607006701"
"1101-2551000198";"22465200002400002b00002607006761"
"1101-2551000156";"22465200002400002b00002607006988"
"1101-2551000144";"22465200002400002b00002607006646"
"1101-2551000189";"22465200002400002b00002607006929"
"1101-2551000256";"22465200002400002b00002607006953"
"1101-2551000234";"22465200002400002b00002607006502"
"1101-2551000490";"22465200002400002b00002549004249"
"1101-2551000167";"22465200002400002b00002607006506"
"1101-2551000188";"22465200002400002b00002607006959"
"1101-2551000181";"22465200002400002b00002607006704"
"1101-2551000709";"22465200002400002b00002607006950"
"1101-2551000172";"22465200002400002b00002607006681"
"1101-2547020026";"22465200002400002b00002549004481"
"1101-2604000488";"22465200002400002b00002607007317"
"1101-2604000622";"22465200002400002b00002607007309"
"1101-2548000249";"22465200002400002b00002551005023"
"1101-2604906453";"22465200002400002b00002607007606"
"1101-2532001068";"22465200002400002b00002535000554"
"1101-2549000376";"22465200002400002b00002549004233"
"1101-2604906241";"22465200002400002b00002604006342"
"1101-2604000573";"22465200002400002b00002607006550"
"1101-2604906507";"22465200002400002b00002607007559"
"1101-2551000375";"22465200002400002b00002602005665"
"1101-2604906233";"22465200002400002b00002602005846"
"1101-2548000244";"22465200002400002b00002607007438"
"1101-2604000385";"22465200002400002b00002602005844"
"1101-2532001035";"22465200002400002b00002607007087"
"1101-2551000121";"22465200002400002b00002602005667"
"1101-2604000599";"22465200002400002b00002607007442"
"1101-2604906242";"22465200002400002b00002607007105"
"1101-2551000587";"22465200002400002b00002602005132"
"1101-2532000401";"22465200002400002b00002543002452"
"1101-2537002209";"22465200002400002b00002543002694"
"1101-2549000672";"22465200002400002b00002551004694"
"1101-2548000280";"22465200002400002b00002546003654"
"1101-2532001165";"22465200002400002b00002535002210"
"1101-2604000356";"22465200002400002b00002607006919"
"1101-2551000639";"22465200002400002b00002551005016"
"1101-2532001458";"22465200002400002b00002535000153"
"1101-2543000466";"22465200002400002b00002549004488"
"1101-2549000383";"22465200002400002b00002602005670"
"1101-2607000041";"22465200002400002b00002607006938"
"1101-2549000546";"22465200002400002b00002551004636"
"1001-2538000424";"22465200002400002b00002602005090"
"1101-2551000729";"22465200002400002b00002607006660"
"1101-2604906569";"22465200002400002b00002604006179"
"1101-2551000794";"22465200002400002b00002602005542"
"1101-2604906654";"22465200002400002b00002607006870"
"1101-2548000118";"22465200002400002b00002551005026"
"1101-2604906523";"22465200002400002b00002604006225"
"1101-2548000341";"22465200002400002b00002535001374"
"1101-2604906634";"22465200002400002b00002607007785"
"1101-2532000689";"22465200002400002b00002535001718"
"1101-2549000066";"22465200002400002b00002602005151"
"1101-2548020025";"22465200002400002b00002535000086"
"1101-2551000418";"22465200002400002b00002551004987"
"1101-2549000494";"22465200002400002b00002551004814"
"1101-2551000416";"22465200002400002b00002602005517"
"1101-2551000765";"22465200002400002b00002602005748"
"1101-2551000459";"22465200002400002b00002602005561"
"1101-2604000549";"22465200002400002b00002607006531"
"1101-2549000048";"22465200002400002b00002551004719"
"1101-2551000433";"22465200002400002b00002602005570"
"1101-2549000397";"22465200002400002b00002551004911"
"1101-2549000629";"22465200002400002b00002551004807"
"1101-2549000603";"22465200002400002b00002551004657"
"1101-2532000705";"22465200002400002b00002551004889"
"1101-2537002023";"22465200002400002b00002535002077"
"1101-2548000357";"22465200002400002b00002545003367"
"1101-2604000484";"22465200002400002b00002607007075"
"1101-2604000551";"22465200002400002b00002607006746"
"1101-2604000585";"22465200002400002b00002607007033"
"1101-2604000582";"22465200002400002b00002607007024"
"1101-2604906218";"22465200002400002b00002602005845"
"1101-2548000378";"22465200002400002b00002545003359"
"1101-2551000096";"22465200002400002b00002602005496"
"1101-2604906213";"22465200002400002b00002607006671"
"1101-2551000610";"22465200002400002b00002551005024"
"1101-2551000586";"22465200002400002b00002602005133"
"1101-2549000086";"22465200002400002b00002551004724"
"1101-2551000410";"22465200002400002b00002602005680"
"1101-2604906464";"22465200002400002b00002607007272"
"1101-2604000587";"22465200002400002b00002607006788"
"1101-2551000161";"22465200002400002b00002607007345"
"1101-2549000680";"22465200002400002b00002551004585"
"1101-2537001988";"22465200002400002b00002535000828"
"1101-2543000119";"22465200002400002b00002543002835"
"1101-2543000156";"22465200002400002b00002543002688"
"1101-2549000675";"22465200002400002b00002551004621"
"1101-2548000299";"22465200002400002b00002546003554"
"1101-2625000177";"22465200002400002b00002607006711"
"1101-2551000458";"22465200002400002b00002602005594"
"1101-2551000669";"22465200002400002b00002607006621"
"1101-2549000651";"22465200002400002b00002551004591"
"1101-2547000069";"22465200002400002b00002546003643"
"1101-2549000562";"22465200002400002b00002551004806"
"1101-2532001324";"22465200002400002b00002535001977"
"1101-2532001292";"22465200002400002b00002535001562"
"1101-2607000279";"22465200002400002b00002607007423"
"1101-2548000431";"22465200002400002b00002602005819"
"1101-2549000486";"22465200002400002b00002551005051"
"1101-2551000061";"22465200002400002b00002602005704"
"1101-2548000478";"22465200002400002b00002549004356"
"1101-2548000328";"22465200002400002b00002546003628"
"1101-2549000109";"22465200002400002b00002551004644"
"1101-2604000528";"22465200002400002b00002607007301"
"1101-2549000589";"22465200002400002b00002551004686"
"1101-2551000663";"22465200002400002b00002607007053"
"1101-2537002165";"22465200002400002b00002535000508"
"1101-2532000499";"22465200002400002b00002535001337"
"1101-2625000217";"22465200002400002b00002625001447"
"1101-2549000686";"22465200002400002b00002551004629"
"1101-2532001609";"22465200002400002b00002535000077"
"1101-2532000498";"22465200002400002b00002535001671"
"1101-2551000585";"22465200002400002b00002551004975"
"1001-2550000487";"22465200002400002b00002602005737"
"1101-2551000560";"22465200002400002b00002602005689"
"1101-2548000208";"22465200002400002b00002546003714"
"1101-2551000739";"22465200002400002b00002545003215"
"1101-2551000640";"22465200002400002b00002602005766"
"1101-2551000078";"22465200002400002b00002602005596"
"1101-2532000887";"22465200002400002b00002607007810"
"1101-2551000691";"22465200002400002b00002602005733"
"1101-2551000457";"22465200002400002b00002602005088"
"1101-2604906674";"22465200002400002b00002604006422"
"1101-2506000045";"22465200002400002b00002607006724"
"1101-2532000231";"22465200002400002b00002535000809"
"1101-2604906699";"22465200002400002b00002546003726"
"1101-2551000404";"22465200002400002b00002602005785"
"1001-2605000293";"22465200002400002b00002607007407"
"1101-2551000130";"22465200002400002b00002551004682"
"1101-2604000595";"22465200002400002b00002607006611"
"1101-2551000776";"22465200002400002b00002602005800"
"1101-2549000606";"22465200002400002b00002602005148"
"1101-2537002344";"22465200002400002b00002543002683"
"1101-2549000045";"22465200002400002b00002551004720"
"1101-2549000617";"22465200002400002b00002551004604"
"1101-2625000639";"22465200002400002b00002551004584"
"1101-2549000580";"22465200002400002b00002551004624"
"1101-2549000041";"22465200002400002b00002551004750"
"1101-2524001246";"22465200002400002b00002551005029"
"1101-2625001180";"22465200002400002b00002551004742"
"1101-2551000634";"22465200002400002b00002607007264"
"1101-2551000456";"22465200002400002b00002602005480"
"1101-2537002259";"22465200002400002b00002535001706"
"1101-2549000561";"22465200002400002b00002551004656"
"1101-2551000110";"22465200002400002b00002602005666"
"1101-2549000658";"22465200002400002b00002551004798"
"1101-2537001955";"22465200002400002b00002535000130"
"1101-2549000648";"22465200002400002b00002551004722"
"1101-2549000684";"22465200002400002b00002551004687"
"1101-2625000487";"22465200002400002b00002625001794"
"1101-2549000685";"22465200002400002b00002551004909"
"1101-2549000035";"22465200002400002b00002551004959"
"1101-2549000601";"22465200002400002b00002551004957"
"1101-2604000380";"22465200002400002b00002607006944"
"1101-2543000549";"22465200002400002b00002543002724"
"1101-2543000720";"22465200002400002b00002543002645"
"1101-2532000953";"22465200002400002b00002535001295"
"1101-2551000208";"22465200002400002b00002602005582"
"1101-2551000494";"22465200002400002b00002602005478"
"1101-2548000503";"22465200002400002b00002546003589"
"1101-2551000636";"22465200002400002b00002602005706"
"1101-2548000436";"22465200002400002b00002549004232"
"1101-2543000234";"22465200002400002b00002543002374"
"1101-2543000441";"22465200002400002b00002543002770"
"1101-2532001109";"22465200002400002b00002535002180"
"1101-2548020019";"22465200002400002b00002551004669"
"1101-2607000307";"22465200002400002b00002607007690"
"1101-2607000080";"22465200002400002b00002607007741"
"1101-2604906521";"22465200002400002b00002607006692"
"1101-2549000683";"22465200002400002b00002551004870"
"1101-2607000038";"22465200002400002b00002607006860"
"1101-2551000806";"22465200002400002b00002602005794"
"1101-2532000586";"22465200002400002b00002535000552"
"1101-2549000435";"22465200002400002b00002607006501"
"1101-2543000659";"22465200002400002b00002607006712"
"1101-2548000117";"22465200002400002b00002607006698"
"1101-2551000615";"22465200002400002b00002551004589"
"1101-2548020002";"22465200002400002b00002607007221"
"1101-2551000177";"22465200002400002b00002602005729"
"1101-2607000226";"22465200002400002b00002607007327"
"1101-2543000210";"22465200002400002b00002543002451"
"1101-2549000506";"22465200002400002b00002551004855"
"1101-2543000719";"22465200002400002b00002543002823"
"1101-2549000058";"22465200002400002b00002546003632"
"1101-2548000473";"22465200002400002b00002551004654"
"1101-2532001244";"22465200002400002b00002551004646"
"1101-2543000365";"22465200002400002b00002543002651"
"1101-2543000569";"22465200002400002b00002543002998"
"1101-2613100429";"22465200002400002b00002607006547"
"1101-2551000596";"22465200002400002b00002607006650"
"1101-2604000601";"22465200002400002b00002604006261"
"1101-2543000718";"22465200002400002b00002543002405"
"1101-2551000464";"22465200002400002b00002602005795"
"1101-2604000560";"22465200002400002b00002607006998"
"1101-2551000461";"22465200002400002b00002602005647"
"1101-2537002208";"22465200002400002b00002535001873"
"1101-2607000014";"22465200002400002b00002607007549"
"1101-2549000624";"22465200002400002b00002607007280"
"1101-2607000268";"22465200002400002b00002607006680"
"1101-2551000084";"22465200002400002b00002602005555"
"1101-2604906692";"22465200002400002b00002607006930"
"1101-2547000096";"22465200002400002b00002602005872"
"1101-2551000791";"22465200002400002b00002602005709"
"1101-2607000048";"22465200002400002b00002607007372"
"1101-2607000147";"22465200002400002b00002607007119"
"1101-2551000460";"22465200002400002b00002602005601"
"1101-2551000449";"22465200002400002b00002602005802"
"1101-2607000036";"22465200002400002b00002607007548"
"1101-2607000079";"22465200002400002b00002607007215"
"1101-2604000630";"22465200002400002b00002607006596"
"1101-2607000051";"22465200002400002b00002607007332"
"1101-2551000795";"22465200002400002b00002602005679"
"1101-2607000095";"22465200002400002b00002607007232"
"1101-2532001113";"22465200002400002b00002543003013"
"1101-2548000222";"22465200002400002b00002551004754"
"1101-2549000567";"22465200002400002b00002551004824"
"1101-2549000625";"22465200002400002b00002551004795"
"1101-2551000048";"22465200002400002b00002602005527"
"1101-2532000491";"22465200002400002b00002535002153"
"1101-2607000018";"22465200002400002b00002607007750"
"1101-2604906666";"22465200002400002b00002607007339"
"1101-2551000479";"22465200002400002b00002607007204"
"1101-2549000446";"22465200002400002b00002551005068"
"1101-2532001452";"22465200002400002b00002535001698"
"1101-2604906205";"22465200002400002b00002607006920"
"1101-2604906262";"22465200002400002b00002602005850"
"1101-2506000135";"22465200002400002b00002551004917"
"1101-2549000569";"22465200002400002b00002551004947"
"1101-2625000165";"22465200002400002b00002551004972"
"1101-2548000487";"22465200002400002b00002602005731"
"1101-2604906426";"22465200002400002b00002607007218"
"1101-2604906509";"22465200002400002b00002607006960"
"1101-2543000208";"22465200002400002b00002551004982"
"1101-2607000312";"22465200002400002b00002602005566"
"1101-2604906222";"22465200002400002b00002607007058"
"1101-2549000100";"22465200002400002b00002602005140"
"1101-2625000958";"22465200002400002b00002524000597"
"1101-2607000039";"22465200002400002b00002607007689"
"1101-2625000732";"22465200002400002b00002604006423"
"1101-2551000443";"22465200002400002b00002602005506"
"1101-2543000322";"22465200002400002b00002543002551"
"1101-2604000368";"22465200002400002b00002607006978"
"1101-2604000450";"22465200002400002b00002607007907"
"1101-2551000734";"22465200002400002b00002607007281"
"1101-2537001960";"22465200002400002b00002535000589"
"1101-2547020010";"22465200002400002b00002546003618"
"1101-2607000044";"22465200002400002b00002607007668"
"1101-2607000088";"22465200002400002b00002607007731"
"1101-2607000292";"22465200002400002b00002607007300"
"1101-2611000083";"22465200002400002b00002609008161"
"1101-2551000429";"22465200002400002b00002602005683"
"1101-2604000370";"22465200002400002b00002604006371"
"1101-2546000019";"22465200002400002b00002607007832"
"1101-2551000058";"22465200002400002b00002602005150"
"1101-2611000054";"22465200002400002b00002609008402"
"1101-2611000087";"22465200002400002b00002607007838"
"1101-2611000131";"22465200002400002b00002609008199"
"1101-2607000152";"22465200002400002b00002607007212"
"1101-2607000232";"22465200002400002b00002607007326"
"1101-2549000565";"22465200002400002b00002551004647"
"1101-2537002345";"22465200002400002b00002543002446"
"1101-2607000255";"22465200002400002b00002607007210"
"1101-2604000614";"22465200002400002b00002604006293"
"1101-2551000168";"22465200002400002b00002607006697"
"1101-2607000285";"22465200002400002b00002607006869"
"1101-2611000182";"22465200002400002b00002607007139"
"1101-2604906258";"22465200002400002b00002607006622"
"1101-2543000694";"22465200002400002b00002543002619"
"1101-2607000275";"22465200002400002b00002607006487"
"1101-2549000577";"22465200002400002b00002551004948"
"1101-2607000144";"22465200002400002b00002607006512"
"1101-2604000489";"22465200002400002b00002604006262"
"1101-2551000702";"22465200002400002b00002604006201"
"1101-2604000449";"22465200002400002b00002604006370"
"1101-2604906526";"22465200002400002b00002607007558"
"1101-2611000068";"22465200002400002b00002607007294"
"1101-2611000126";"22465200002400002b00002607007305"
"1101-2611000125";"22465200002400002b00002609008291"
"1101-2611000106";"22465200002400002b00002607007788"
"1101-2604000448";"22465200002400002b00002607007601"
"1101-2532000732";"22465200002400002b00002535002016"
"1101-2607000166";"22465200002400002b00002607007760"
"1101-2607000173";"22465200002400002b00002604006415"
"1101-2607000028";"22465200002400002b00002607007839"
"1101-2604000502";"22465200002400002b00002607007077"
"1101-2607000142";"22465200002400002b00002607007557"
"1101-2549000574";"22465200002400002b00002551004832"
"1101-2549000584";"22465200002400002b00002551004599"
"1101-2549000614";"22465200002400002b00002551004676"
"1101-2548000507";"22465200002400002b00002607007447"
"1101-2607000302";"22465200002400002b00002609008358"
"1101-2613100663";"22465200002400002b00002610008705"
"1101-2607000273";"22465200002400002b00002607007035"
"1101-2604000453";"22465200002400002b00002604006182"
"1101-2532001382";"22465200002400002b00002535000160"
"1101-2607000075";"22465200002400002b00002604006416"
"1101-2611000246";"22465200002400002b00002609008188"
"1101-2551000201";"22465200002400002b00002607007211"
"1101-2551000485";"22465200002400002b00002604006350"
"1101-2611000124";"22465200002400002b00002609008109"
"1101-2611000288";"22465200002400002b00002609008120"
"1101-2613100648";"22465200002400002b00002609008341"
"1101-2613100469";"22465200002400002b00002607007935"
"1101-2613100273";"22465200002400002b00002607007286"
"1101-2551000214";"22465200002400002b00002609008425"
"1101-2611000233";"22465200002400002b00002607007289"
"1101-2611000082";"22465200002400002b00002607007814"
"1001-2538000344";"22465200002400002b00002551005005"
"1101-2611000137";"22465200002400002b00002607006858"
"1101-2613100263";"22465200002400002b00002602005585"
"1101-2613100551";"22465200002400002b00002607007522"
"1101-2611000168";"22465200002400002b00002609008300"
"1001-2538000518";"22465200002400002b00002546003560"
"1001-2538000544";"22465200002400002b00002546003542"
"1101-2506000607";"22465200002400002b00002609008365"
"1101-2613100268";"22465200002400002b00002610009129"
"1101-2613100255";"22465200002400002b00002610009126"
"1101-2613100470";"22465200002400002b00002609008169"
"1101-2611000081";"22465200002400002b00002607007198"
"1101-2611000286";"22465200002400002b00002607007749"
"1101-2607000022";"22465200002400002b00002604006428"
"1101-2549000116";"22465200002400002b00002551004939"
"1101-2611000034";"22465200002400002b00002607007405"
"1101-2611000029";"22465200002400002b00002609008339"
"1101-2611000187";"22465200002400002b00002607007307"
"1101-2611000148";"22465200002400002b00002609008405"
"1101-2611000264";"22465200002400002b00002609008311"
"1101-2611000232";"22465200002400002b00002607006529"
"1101-2611000075";"22465200002400002b00002607006867"
"1101-2611000238";"22465200002400002b00002609008400"
"1101-2611000166";"22465200002400002b00002607007293"
"1101-2611000267";"22465200002400002b00002609008180"
"1101-2549000701";"22465200002400002b00002607007205"
"1101-2611000092";"22465200002400002b00002607007137"
"1101-2611000240";"22465200002400002b00002610008458"
"1101-2611000197";"22465200002400002b00002610009133"
"1101-2532001016";"22465200002400002b00002535000727"
"1101-2611000005";"22465200002400002b00002610009119"
"1101-2611000157";"22465200002400002b00002610008491"
"1101-2611000002";"22465200002400002b00002610009137"
"1101-2611000196";"22465200002400002b00002610009138"
"1101-2532001566";"22465200002400002b00002625001345"
"1101-2611000139";"22465200002400002b00002610008672"
"1101-2611000080";"22465200002400002b00002610008475"
"1101-2611000188";"22465200002400002b00002609008234"
"1101-2611000227";"22465200002400002b00002610009104"
"1101-2611000164";"22465200002400002b00002609008259"
"1101-2611000136";"22465200002400002b00002610008704"
"1101-2611000231";"22465200002400002b00002610008669"
"1101-2611000229";"22465200002400002b00002610008493"
"1101-2611000304";"22465200002400002b00002607007229"
"1101-2611000234";"22465200002400002b00002607007918"
"1101-2611000073";"22465200002400002b00002607007284"
"1101-2611000045";"22465200002400002b00002607007829"
"1101-2611000105";"22465200002400002b00002607007912"
"1101-2611000236";"22465200002400002b00002607007267"
"1101-2604906661";"22465200002400002b00002546003735"
"1101-2607000185";"22465200002400002b00002607006981"
"1101-2611000070";"22465200002400002b00002607007700"
"1101-2611000049";"22465200002400002b00002607007131"
"1101-2611000209";"22465200002400002b00002607007335"
"1101-2548000243";"22465200002400002b00002602005123"
"1101-2611000261";"22465200002400002b00002607007823"
"1101-2611000076";"22465200002400002b00002607007287"
"1101-2611000079";"22465200002400002b00002607007457"
"1101-2611000032";"22465200002400002b00002607007116"
"1101-2543000433";"22465200002400002b00002543002536"
"1101-2543000312";"22465200002400002b00002543002647"
"1101-2543000405";"22465200002400002b00002543002410"
"1101-2611000074";"22465200002400002b00002607007666"
"1101-2611000090";"22465200002400002b00002607007182"
"1101-2543000503";"22465200002400002b00002543002677"
"1101-2611000190";"22465200002400002b00002609008384"
"1101-2611000186";"22465200002400002b00002609008195"
"1101-2611000066";"22465200002400002b00002607007815"
"1101-2543000520";"22465200002400002b00002543002594"
"1101-2610000012";"22465200002400002b00002602005541"
"1101-2613100291";"22465200002400002b00002607007532"
"1101-2613100190";"22465200002400002b00002607007486"
"1101-2613100564";"22465200002400002b00002609008139"
"1101-2611000134";"22465200002400002b00002609008334"
"1101-2611000265";"22465200002400002b00002609008167"
"1101-2611000192";"22465200002400002b00002609008117"
"1101-2613100032";"22465200002400002b00002607007285"
"1101-2537002053";"22465200002400002b00002543002612"
"1101-2537002351";"22465200002400002b00002543002962"
"1101-2537002065";"22465200002400002b00002543002982"
"1101-2543000141";"22465200002400002b00002543002784"
"1101-2549000552";"22465200002400002b00002551004859"
"1101-2607000211";"22465200002400002b00002607007837"
"1101-2532000464";"22465200002400002b00002535001370"
"1101-2613100172";"22465200002400002b00002611009372"
"1001-2605000005";"22465200002400002b00002607007818"
"1101-2604906546";"22465200002400002b00002607006966"
"1101-2551000448";"22465200002400002b00002551005072"
"1001-2538000856";"22465200002400002b00002551004880"
"1101-2549000008";"22465200002400002b00002607007661"
"1101-2613100702";"22465200002400002b00002611009252"
"1101-2610000011";"22465200002400002b00002607007271"
"1101-2549000091";"22465200002400002b00002551004570"
"1101-2604906492";"22465200002400002b00002607007383"
"1101-2611000211";"22465200002400002b00002551004840"
"1101-2537001918";"22465200002400002b00002602005734"
"1101-2549000416";"22465200002400002b00002551004907"
"1101-2613100439";"22465200002400002b00002609008298"
"1101-2613100293";"22465200002400002b00002610008685"
"1101-2613100770";"22465200002400002b00002607007604"
"1101-2611000275";"22465200002400002b00002607007014"
"1101-2604000497";"22465200002400002b00002604006441"
"1101-2532000621";"22465200002400002b00002535002269"
"1101-2604906518";"22465200002400002b00002607006705"
"1101-2551000099";"22465200002400002b00002602005603"
"1101-2613100199";"22465200002400002b00002610008869"
"1101-2613100552";"22465200002400002b00002609008112"
"1101-2548020003";"22465200002400002b00002604006420"
"1101-2532000928";"22465200002400002b00002535000925"
"1101-2532001349";"22465200002400002b00002535000261"
"1101-2613100455";"22465200002400002b00002607007250"
"1101-2551000721";"22465200002400002b00002602005637"
"1101-2537002171";"22465200002400002b00002543002436"
"1101-2551000052";"22465200002400002b00002602005547"
"1101-2607000128";"22465200002400002b00002607007454"
"1101-2613100058";"22465200002400002b00002610008827"
"1101-2613100424";"22465200002400002b00002609008401"
"1101-2551000131";"22465200002400002b00002611009380"
"1101-2604906682";"22465200002400002b00002607007029"
"1101-2604000635";"22465200002400002b00002604006298"
"1101-2613100463";"22465200002400002b00002609008101"
"1101-2532000443";"22465200002400002b00002535001740"
"1101-2551000811";"22465200002400002b00002551004980"
"1101-2607000141";"22465200002400002b00002610008460"
"1101-2607000016";"22465200002400002b00002610008688"
"1101-2607000274";"22465200002400002b00002610008692"
"1101-2548000138";"22465200002400002b00002610008549"
"1101-2549000535";"22465200002400002b00002551004690"
